"Date","Source","Site ID","POC","Daily Max 1-hour NO2 Concentration","Units","Daily AQI Value","Local Site Name","Daily Obs Count","Percent Complete","AQS Parameter Code","AQS Parameter Description","Method Code","CBSA Code","CBSA Name","State FIPS Code","State","County FIPS Code","County","Site Latitude","Site Longitude"
"01/01/2026","AQS","530330030","1","19.1","ppb","18","Seattle-10th & Weller","23","96.0000","42602","Nitrogen dioxide (NO2)","599","42660","Seattle-Tacoma-Bellevue, WA","53","Washington","033","King","47.597222","-122.319722"
"01/02/2026","AQS","530330030","1","18.3","ppb","17","Seattle-10th & Weller","24","100.0000","42602","Nitrogen dioxide (NO2)","599","42660","Seattle-Tacoma-Bellevue, WA","53","Washington","033","King","47.597222","-122.319722"
"01/03/2026","AQS","530330030","1","19.2","ppb","18","Seattle-10th & Weller","23","96.0000","42602","Nitrogen dioxide (NO2)","599","42660","Seattle-Tacoma-Bellevue, WA","53","Washington","033","King","47.597222","-122.319722"
"01/04/2026","AQS","530330030","1","25.5","ppb","24","Seattle-10th & Weller","23","96.0000","42602","Nitrogen dioxide (NO2)","599","42660","Seattle-Tacoma-Bellevue, WA","53","Washington","033","King","47.597222","-122.319722"
"01/05/2026","AQS","530330030","1","31.8","ppb","29","Seattle-10th & Weller","24","100.0000","42602","Nitrogen dioxide (NO2)","599","42660","Seattle-Tacoma-Bellevue, WA","53","Washington","033","King","47.597222","-122.319722"
"01/06/2026","AQS","530330030","1","30.9","ppb","28","Seattle-10th & Weller","24","100.0000","42602","Nitrogen dioxide (NO2)","599","42660","Seattle-Tacoma-Bellevue, WA","53","Washington","033","King","47.597222","-122.319722"
"01/07/2026","AQS","530330030","1","23.4","ppb","22","Seattle-10th & Weller","23","96.0000","42602","Nitrogen dioxide (NO2)","599","42660","Seattle-Tacoma-Bellevue, WA","53","Washington","033","King","47.597222","-122.319722"
"01/08/2026","AQS","530330030","1","30.9","ppb","28","Seattle-10th & Weller","23","96.0000","42602","Nitrogen dioxide (NO2)","599","42660","Seattle-Tacoma-Bellevue, WA","53","Washington","033","King","47.597222","-122.319722"
"01/09/2026","AQS","530330030","1","30.7","ppb","28","Seattle-10th & Weller","23","96.0000","42602","Nitrogen dioxide (NO2)","599","42660","Seattle-Tacoma-Bellevue, WA","53","Washington","033","King","47.597222","-122.319722"
"01/10/2026","AQS","530330030","1","23.4","ppb","22","Seattle-10th & Weller","23","96.0000","42602","Nitrogen dioxide (NO2)","599","42660","Seattle-Tacoma-Bellevue, WA","53","Washington","033","King","47.597222","-122.319722"
"01/11/2026","AQS","530330030","1","25.9","ppb","24","Seattle-10th & Weller","24","100.0000","42602","Nitrogen dioxide (NO2)","599","42660","Seattle-Tacoma-Bellevue, WA","53","Washington","033","King","47.597222","-122.319722"
"01/12/2026","AQS","530330030","1","26.3","ppb","25","Seattle-10th & Weller","24","100.0000","42602","Nitrogen dioxide (NO2)","599","42660","Seattle-Tacoma-Bellevue, WA","53","Washington","033","King","47.597222","-122.319722"
"01/13/2026","AQS","530330030","1","31.5","ppb","29","Seattle-10th & Weller","23","96.0000","42602","Nitrogen dioxide (NO2)","599","42660","Seattle-Tacoma-Bellevue, WA","53","Washington","033","King","47.597222","-122.319722"
"01/14/2026","AQS","530330030","1","20.6","ppb","19","Seattle-10th & Weller","24","100.0000","42602","Nitrogen dioxide (NO2)","599","42660","Seattle-Tacoma-Bellevue, WA","53","Washington","033","King","47.597222","-122.319722"
"01/15/2026","AQS","530330030","1","10.8","ppb","9","Seattle-10th & Weller","23","96.0000","42602","Nitrogen dioxide (NO2)","599","42660","Seattle-Tacoma-Bellevue, WA","53","Washington","033","King","47.597222","-122.319722"
"01/16/2026","AQS","530330030","1","17.6","ppb","16","Seattle-10th & Weller","23","96.0000","42602","Nitrogen dioxide (NO2)","599","42660","Seattle-Tacoma-Bellevue, WA","53","Washington","033","King","47.597222","-122.319722"
"01/17/2026","AQS","530330030","1","21.5","ppb","20","Seattle-10th & Weller","24","100.0000","42602","Nitrogen dioxide (NO2)","599","42660","Seattle-Tacoma-Bellevue, WA","53","Washington","033","King","47.597222","-122.319722"
"01/18/2026","AQS","530330030","1","21.7","ppb","20","Seattle-10th & Weller","24","100.0000","42602","Nitrogen dioxide (NO2)","599","42660","Seattle-Tacoma-Bellevue, WA","53","Washington","033","King","47.597222","-122.319722"
"01/19/2026","AQS","530330030","1","23","ppb","22","Seattle-10th & Weller","23","96.0000","42602","Nitrogen dioxide (NO2)","599","42660","Seattle-Tacoma-Bellevue, WA","53","Washington","033","King","47.597222","-122.319722"
"01/20/2026","AQS","530330030","1","22.6","ppb","21","Seattle-10th & Weller","24","100.0000","42602","Nitrogen dioxide (NO2)","599","42660","Seattle-Tacoma-Bellevue, WA","53","Washington","033","King","47.597222","-122.319722"
"01/21/2026","AQS","530330030","1","30.8","ppb","28","Seattle-10th & Weller","23","96.0000","42602","Nitrogen dioxide (NO2)","599","42660","Seattle-Tacoma-Bellevue, WA","53","Washington","033","King","47.597222","-122.319722"
"01/22/2026","AQS","530330030","1","22.4","ppb","21","Seattle-10th & Weller","23","96.0000","42602","Nitrogen dioxide (NO2)","599","42660","Seattle-Tacoma-Bellevue, WA","53","Washington","033","King","47.597222","-122.319722"
"01/23/2026","AQS","530330030","1","19.1","ppb","18","Seattle-10th & Weller","24","100.0000","42602","Nitrogen dioxide (NO2)","599","42660","Seattle-Tacoma-Bellevue, WA","53","Washington","033","King","47.597222","-122.319722"
"01/24/2026","AQS","530330030","1","25.9","ppb","24","Seattle-10th & Weller","24","100.0000","42602","Nitrogen dioxide (NO2)","599","42660","Seattle-Tacoma-Bellevue, WA","53","Washington","033","King","47.597222","-122.319722"
"01/25/2026","AQS","530330030","1","28.9","ppb","26","Seattle-10th & Weller","23","96.0000","42602","Nitrogen dioxide (NO2)","599","42660","Seattle-Tacoma-Bellevue, WA","53","Washington","033","King","47.597222","-122.319722"
"01/26/2026","AQS","530330030","1","31.9","ppb","29","Seattle-10th & Weller","24","100.0000","42602","Nitrogen dioxide (NO2)","599","42660","Seattle-Tacoma-Bellevue, WA","53","Washington","033","King","47.597222","-122.319722"
"01/27/2026","AQS","530330030","1","35.7","ppb","33","Seattle-10th & Weller","23","96.0000","42602","Nitrogen dioxide (NO2)","599","42660","Seattle-Tacoma-Bellevue, WA","53","Washington","033","King","47.597222","-122.319722"
"01/28/2026","AQS","530330030","1","28.2","ppb","26","Seattle-10th & Weller","23","96.0000","42602","Nitrogen dioxide (NO2)","599","42660","Seattle-Tacoma-Bellevue, WA","53","Washington","033","King","47.597222","-122.319722"
"01/29/2026","AQS","530330030","1","16.7","ppb","15","Seattle-10th & Weller","24","100.0000","42602","Nitrogen dioxide (NO2)","599","42660","Seattle-Tacoma-Bellevue, WA","53","Washington","033","King","47.597222","-122.319722"
"01/30/2026","AQS","530330030","1","35.2","ppb","33","Seattle-10th & Weller","24","100.0000","42602","Nitrogen dioxide (NO2)","599","42660","Seattle-Tacoma-Bellevue, WA","53","Washington","033","King","47.597222","-122.319722"
"01/31/2026","AQS","530330030","1","25.5","ppb","24","Seattle-10th & Weller","23","96.0000","42602","Nitrogen dioxide (NO2)","599","42660","Seattle-Tacoma-Bellevue, WA","53","Washington","033","King","47.597222","-122.319722"
"02/01/2026","AQS","530330030","1","20.9","ppb","19","Seattle-10th & Weller","24","100.0000","42602","Nitrogen dioxide (NO2)","599","42660","Seattle-Tacoma-Bellevue, WA","53","Washington","033","King","47.597222","-122.319722"
"02/02/2026","AQS","530330030","1","24.6","ppb","23","Seattle-10th & Weller","23","96.0000","42602","Nitrogen dioxide (NO2)","599","42660","Seattle-Tacoma-Bellevue, WA","53","Washington","033","King","47.597222","-122.319722"
"02/03/2026","AQS","530330030","1","23.6","ppb","22","Seattle-10th & Weller","23","96.0000","42602","Nitrogen dioxide (NO2)","599","42660","Seattle-Tacoma-Bellevue, WA","53","Washington","033","King","47.597222","-122.319722"
"02/04/2026","AQS","530330030","1","27.2","ppb","25","Seattle-10th & Weller","24","100.0000","42602","Nitrogen dioxide (NO2)","599","42660","Seattle-Tacoma-Bellevue, WA","53","Washington","033","King","47.597222","-122.319722"
"02/05/2026","AQS","530330030","1","21.4","ppb","20","Seattle-10th & Weller","24","100.0000","42602","Nitrogen dioxide (NO2)","599","42660","Seattle-Tacoma-Bellevue, WA","53","Washington","033","King","47.597222","-122.319722"
"02/06/2026","AQS","530330030","1","23.8","ppb","22","Seattle-10th & Weller","23","96.0000","42602","Nitrogen dioxide (NO2)","599","42660","Seattle-Tacoma-Bellevue, WA","53","Washington","033","King","47.597222","-122.319722"
"02/07/2026","AQS","530330030","1","20.6","ppb","19","Seattle-10th & Weller","24","100.0000","42602","Nitrogen dioxide (NO2)","599","42660","Seattle-Tacoma-Bellevue, WA","53","Washington","033","King","47.597222","-122.319722"
"02/08/2026","AQS","530330030","1","32.6","ppb","30","Seattle-10th & Weller","23","96.0000","42602","Nitrogen dioxide (NO2)","599","42660","Seattle-Tacoma-Bellevue, WA","53","Washington","033","King","47.597222","-122.319722"
"02/09/2026","AQS","530330030","1","17.7","ppb","16","Seattle-10th & Weller","22","92.0000","42602","Nitrogen dioxide (NO2)","599","42660","Seattle-Tacoma-Bellevue, WA","53","Washington","033","King","47.597222","-122.319722"
"02/10/2026","AQS","530330030","1","21.6","ppb","20","Seattle-10th & Weller","24","100.0000","42602","Nitrogen dioxide (NO2)","599","42660","Seattle-Tacoma-Bellevue, WA","53","Washington","033","King","47.597222","-122.319722"
"02/11/2026","AQS","530330030","1","20.7","ppb","19","Seattle-10th & Weller","24","100.0000","42602","Nitrogen dioxide (NO2)","599","42660","Seattle-Tacoma-Bellevue, WA","53","Washington","033","King","47.597222","-122.319722"
"02/12/2026","AQS","530330030","1","23.5","ppb","22","Seattle-10th & Weller","23","96.0000","42602","Nitrogen dioxide (NO2)","599","42660","Seattle-Tacoma-Bellevue, WA","53","Washington","033","King","47.597222","-122.319722"
"02/13/2026","AQS","530330030","1","20.8","ppb","19","Seattle-10th & Weller","24","100.0000","42602","Nitrogen dioxide (NO2)","599","42660","Seattle-Tacoma-Bellevue, WA","53","Washington","033","King","47.597222","-122.319722"
"02/14/2026","AQS","530330030","1","23","ppb","22","Seattle-10th & Weller","23","96.0000","42602","Nitrogen dioxide (NO2)","599","42660","Seattle-Tacoma-Bellevue, WA","53","Washington","033","King","47.597222","-122.319722"
"02/15/2026","AQS","530330030","1","18.1","ppb","17","Seattle-10th & Weller","23","96.0000","42602","Nitrogen dioxide (NO2)","599","42660","Seattle-Tacoma-Bellevue, WA","53","Washington","033","King","47.597222","-122.319722"
"02/16/2026","AQS","530330030","1","19.5","ppb","18","Seattle-10th & Weller","24","100.0000","42602","Nitrogen dioxide (NO2)","599","42660","Seattle-Tacoma-Bellevue, WA","53","Washington","033","King","47.597222","-122.319722"
"02/17/2026","AQS","530330030","1","27.6","ppb","25","Seattle-10th & Weller","24","100.0000","42602","Nitrogen dioxide (NO2)","599","42660","Seattle-Tacoma-Bellevue, WA","53","Washington","033","King","47.597222","-122.319722"
"02/18/2026","AQS","530330030","1","27.6","ppb","25","Seattle-10th & Weller","23","96.0000","42602","Nitrogen dioxide (NO2)","599","42660","Seattle-Tacoma-Bellevue, WA","53","Washington","033","King","47.597222","-122.319722"
"02/19/2026","AQS","530330030","1","12.9","ppb","11","Seattle-10th & Weller","24","100.0000","42602","Nitrogen dioxide (NO2)","599","42660","Seattle-Tacoma-Bellevue, WA","53","Washington","033","King","47.597222","-122.319722"
"02/20/2026","AQS","530330030","1","30.5","ppb","28","Seattle-10th & Weller","23","96.0000","42602","Nitrogen dioxide (NO2)","599","42660","Seattle-Tacoma-Bellevue, WA","53","Washington","033","King","47.597222","-122.319722"
"02/21/2026","AQS","530330030","1","32","ppb","30","Seattle-10th & Weller","23","96.0000","42602","Nitrogen dioxide (NO2)","599","42660","Seattle-Tacoma-Bellevue, WA","53","Washington","033","King","47.597222","-122.319722"
"02/22/2026","AQS","530330030","1","26.8","ppb","25","Seattle-10th & Weller","24","100.0000","42602","Nitrogen dioxide (NO2)","599","42660","Seattle-Tacoma-Bellevue, WA","53","Washington","033","King","47.597222","-122.319722"
"02/23/2026","AQS","530330030","1","31.9","ppb","29","Seattle-10th & Weller","24","100.0000","42602","Nitrogen dioxide (NO2)","599","42660","Seattle-Tacoma-Bellevue, WA","53","Washington","033","King","47.597222","-122.319722"
"02/24/2026","AQS","530330030","1","30.7","ppb","28","Seattle-10th & Weller","23","96.0000","42602","Nitrogen dioxide (NO2)","599","42660","Seattle-Tacoma-Bellevue, WA","53","Washington","033","King","47.597222","-122.319722"
"02/25/2026","AQS","530330030","1","23.6","ppb","22","Seattle-10th & Weller","24","100.0000","42602","Nitrogen dioxide (NO2)","599","42660","Seattle-Tacoma-Bellevue, WA","53","Washington","033","King","47.597222","-122.319722"
"02/26/2026","AQS","530330030","1","17.4","ppb","16","Seattle-10th & Weller","23","96.0000","42602","Nitrogen dioxide (NO2)","599","42660","Seattle-Tacoma-Bellevue, WA","53","Washington","033","King","47.597222","-122.319722"
"02/27/2026","AQS","530330030","1","22.6","ppb","21","Seattle-10th & Weller","23","96.0000","42602","Nitrogen dioxide (NO2)","599","42660","Seattle-Tacoma-Bellevue, WA","53","Washington","033","King","47.597222","-122.319722"
"02/28/2026","AQS","530330030","1","17.2","ppb","16","Seattle-10th & Weller","24","100.0000","42602","Nitrogen dioxide (NO2)","599","42660","Seattle-Tacoma-Bellevue, WA","53","Washington","033","King","47.597222","-122.319722"
"03/01/2026","AQS","530330030","1","24.5","ppb","23","Seattle-10th & Weller","24","100.0000","42602","Nitrogen dioxide (NO2)","599","42660","Seattle-Tacoma-Bellevue, WA","53","Washington","033","King","47.597222","-122.319722"
"03/02/2026","AQS","530330030","1","31.2","ppb","29","Seattle-10th & Weller","23","96.0000","42602","Nitrogen dioxide (NO2)","599","42660","Seattle-Tacoma-Bellevue, WA","53","Washington","033","King","47.597222","-122.319722"
"03/03/2026","AQS","530330030","1","26.4","ppb","25","Seattle-10th & Weller","24","100.0000","42602","Nitrogen dioxide (NO2)","599","42660","Seattle-Tacoma-Bellevue, WA","53","Washington","033","King","47.597222","-122.319722"
"03/04/2026","AQS","530330030","1","20","ppb","19","Seattle-10th & Weller","23","96.0000","42602","Nitrogen dioxide (NO2)","599","42660","Seattle-Tacoma-Bellevue, WA","53","Washington","033","King","47.597222","-122.319722"
"03/05/2026","AQS","530330030","1","18.4","ppb","17","Seattle-10th & Weller","23","96.0000","42602","Nitrogen dioxide (NO2)","599","42660","Seattle-Tacoma-Bellevue, WA","53","Washington","033","King","47.597222","-122.319722"
"03/06/2026","AQS","530330030","1","18.4","ppb","17","Seattle-10th & Weller","24","100.0000","42602","Nitrogen dioxide (NO2)","599","42660","Seattle-Tacoma-Bellevue, WA","53","Washington","033","King","47.597222","-122.319722"
"03/07/2026","AQS","530330030","1","10.7","ppb","9","Seattle-10th & Weller","24","100.0000","42602","Nitrogen dioxide (NO2)","599","42660","Seattle-Tacoma-Bellevue, WA","53","Washington","033","King","47.597222","-122.319722"
"03/08/2026","AQS","530330030","1","11","ppb","10","Seattle-10th & Weller","23","96.0000","42602","Nitrogen dioxide (NO2)","599","42660","Seattle-Tacoma-Bellevue, WA","53","Washington","033","King","47.597222","-122.319722"
"03/09/2026","AQS","530330030","1","25.2","ppb","24","Seattle-10th & Weller","24","100.0000","42602","Nitrogen dioxide (NO2)","599","42660","Seattle-Tacoma-Bellevue, WA","53","Washington","033","King","47.597222","-122.319722"
"03/10/2026","AQS","530330030","1","21.6","ppb","20","Seattle-10th & Weller","23","96.0000","42602","Nitrogen dioxide (NO2)","599","42660","Seattle-Tacoma-Bellevue, WA","53","Washington","033","King","47.597222","-122.319722"
"03/11/2026","AQS","530330030","1","20.9","ppb","19","Seattle-10th & Weller","23","96.0000","42602","Nitrogen dioxide (NO2)","599","42660","Seattle-Tacoma-Bellevue, WA","53","Washington","033","King","47.597222","-122.319722"
"03/12/2026","AQS","530330030","1","25.6","ppb","24","Seattle-10th & Weller","24","100.0000","42602","Nitrogen dioxide (NO2)","599","42660","Seattle-Tacoma-Bellevue, WA","53","Washington","033","King","47.597222","-122.319722"
"03/13/2026","AQS","530330030","1","33.5","ppb","31","Seattle-10th & Weller","24","100.0000","42602","Nitrogen dioxide (NO2)","599","42660","Seattle-Tacoma-Bellevue, WA","53","Washington","033","King","47.597222","-122.319722"
"03/14/2026","AQS","530330030","1","33.6","ppb","31","Seattle-10th & Weller","23","96.0000","42602","Nitrogen dioxide (NO2)","599","42660","Seattle-Tacoma-Bellevue, WA","53","Washington","033","King","47.597222","-122.319722"
"03/15/2026","AQS","530330030","1","30.5","ppb","28","Seattle-10th & Weller","24","100.0000","42602","Nitrogen dioxide (NO2)","599","42660","Seattle-Tacoma-Bellevue, WA","53","Washington","033","King","47.597222","-122.319722"
"03/16/2026","AQS","530330030","1","22.2","ppb","21","Seattle-10th & Weller","23","96.0000","42602","Nitrogen dioxide (NO2)","599","42660","Seattle-Tacoma-Bellevue, WA","53","Washington","033","King","47.597222","-122.319722"
"03/17/2026","AQS","530330030","1","19","ppb","18","Seattle-10th & Weller","23","96.0000","42602","Nitrogen dioxide (NO2)","599","42660","Seattle-Tacoma-Bellevue, WA","53","Washington","033","King","47.597222","-122.319722"
"03/18/2026","AQS","530330030","1","20.1","ppb","19","Seattle-10th & Weller","24","100.0000","42602","Nitrogen dioxide (NO2)","599","42660","Seattle-Tacoma-Bellevue, WA","53","Washington","033","King","47.597222","-122.319722"
"03/19/2026","AQS","530330030","1","18.5","ppb","17","Seattle-10th & Weller","24","100.0000","42602","Nitrogen dioxide (NO2)","599","42660","Seattle-Tacoma-Bellevue, WA","53","Washington","033","King","47.597222","-122.319722"
"03/20/2026","AQS","530330030","1","22.1","ppb","21","Seattle-10th & Weller","23","96.0000","42602","Nitrogen dioxide (NO2)","599","42660","Seattle-Tacoma-Bellevue, WA","53","Washington","033","King","47.597222","-122.319722"
"03/21/2026","AQS","530330030","1","25.4","ppb","24","Seattle-10th & Weller","24","100.0000","42602","Nitrogen dioxide (NO2)","599","42660","Seattle-Tacoma-Bellevue, WA","53","Washington","033","King","47.597222","-122.319722"
"03/22/2026","AQS","530330030","1","18.9","ppb","17","Seattle-10th & Weller","23","96.0000","42602","Nitrogen dioxide (NO2)","599","42660","Seattle-Tacoma-Bellevue, WA","53","Washington","033","King","47.597222","-122.319722"
"03/23/2026","AQS","530330030","1","22.1","ppb","21","Seattle-10th & Weller","23","96.0000","42602","Nitrogen dioxide (NO2)","599","42660","Seattle-Tacoma-Bellevue, WA","53","Washington","033","King","47.597222","-122.319722"
"03/24/2026","AQS","530330030","1","33.2","ppb","31","Seattle-10th & Weller","24","100.0000","42602","Nitrogen dioxide (NO2)","599","42660","Seattle-Tacoma-Bellevue, WA","53","Washington","033","King","47.597222","-122.319722"
"03/25/2026","AQS","530330030","1","19.6","ppb","18","Seattle-10th & Weller","24","100.0000","42602","Nitrogen dioxide (NO2)","599","42660","Seattle-Tacoma-Bellevue, WA","53","Washington","033","King","47.597222","-122.319722"
"03/26/2026","AQS","530330030","1","25","ppb","24","Seattle-10th & Weller","23","96.0000","42602","Nitrogen dioxide (NO2)","599","42660","Seattle-Tacoma-Bellevue, WA","53","Washington","033","King","47.597222","-122.319722"
"03/27/2026","AQS","530330030","1","23.9","ppb","22","Seattle-10th & Weller","24","100.0000","42602","Nitrogen dioxide (NO2)","599","42660","Seattle-Tacoma-Bellevue, WA","53","Washington","033","King","47.597222","-122.319722"
"03/28/2026","AQS","530330030","1","24.4","ppb","23","Seattle-10th & Weller","23","96.0000","42602","Nitrogen dioxide (NO2)","599","42660","Seattle-Tacoma-Bellevue, WA","53","Washington","033","King","47.597222","-122.319722"
"03/29/2026","AQS","530330030","1","19.8","ppb","18","Seattle-10th & Weller","23","96.0000","42602","Nitrogen dioxide (NO2)","599","42660","Seattle-Tacoma-Bellevue, WA","53","Washington","033","King","47.597222","-122.319722"
"03/30/2026","AQS","530330030","1","32","ppb","30","Seattle-10th & Weller","24","100.0000","42602","Nitrogen dioxide (NO2)","599","42660","Seattle-Tacoma-Bellevue, WA","53","Washington","033","King","47.597222","-122.319722"
"03/31/2026","AQS","530330030","1","30.3","ppb","28","Seattle-10th & Weller","24","100.0000","42602","Nitrogen dioxide (NO2)","599","42660","Seattle-Tacoma-Bellevue, WA","53","Washington","033","King","47.597222","-122.319722"
"04/01/2026","AQS","530330030","1","18.5","ppb","17","Seattle-10th & Weller","23","96.0000","42602","Nitrogen dioxide (NO2)","599","42660","Seattle-Tacoma-Bellevue, WA","53","Washington","033","King","47.597222","-122.319722"
"04/02/2026","AQS","530330030","1","25.5","ppb","24","Seattle-10th & Weller","24","100.0000","42602","Nitrogen dioxide (NO2)","599","42660","Seattle-Tacoma-Bellevue, WA","53","Washington","033","King","47.597222","-122.319722"
"04/03/2026","AQS","530330030","1","38.9","ppb","36","Seattle-10th & Weller","23","96.0000","42602","Nitrogen dioxide (NO2)","599","42660","Seattle-Tacoma-Bellevue, WA","53","Washington","033","King","47.597222","-122.319722"
"04/04/2026","AQS","530330030","1","17.2","ppb","16","Seattle-10th & Weller","23","96.0000","42602","Nitrogen dioxide (NO2)","599","42660","Seattle-Tacoma-Bellevue, WA","53","Washington","033","King","47.597222","-122.319722"
"04/05/2026","AQS","530330030","1","31.7","ppb","29","Seattle-10th & Weller","24","100.0000","42602","Nitrogen dioxide (NO2)","599","42660","Seattle-Tacoma-Bellevue, WA","53","Washington","033","King","47.597222","-122.319722"
"04/06/2026","AQS","530330030","1","32","ppb","30","Seattle-10th & Weller","24","100.0000","42602","Nitrogen dioxide (NO2)","599","42660","Seattle-Tacoma-Bellevue, WA","53","Washington","033","King","47.597222","-122.319722"
"04/07/2026","AQS","530330030","1","22.4","ppb","21","Seattle-10th & Weller","23","96.0000","42602","Nitrogen dioxide (NO2)","599","42660","Seattle-Tacoma-Bellevue, WA","53","Washington","033","King","47.597222","-122.319722"
"04/08/2026","AQS","530330030","1","21.6","ppb","20","Seattle-10th & Weller","24","100.0000","42602","Nitrogen dioxide (NO2)","599","42660","Seattle-Tacoma-Bellevue, WA","53","Washington","033","King","47.597222","-122.319722"
"04/09/2026","AQS","530330030","1","21.8","ppb","20","Seattle-10th & Weller","21","88.0000","42602","Nitrogen dioxide (NO2)","599","42660","Seattle-Tacoma-Bellevue, WA","53","Washington","033","King","47.597222","-122.319722"
"04/10/2026","AQS","530330030","1","42.1","ppb","40","Seattle-10th & Weller","23","96.0000","42602","Nitrogen dioxide (NO2)","599","42660","Seattle-Tacoma-Bellevue, WA","53","Washington","033","King","47.597222","-122.319722"
"04/11/2026","AQS","530330030","1","30.4","ppb","28","Seattle-10th & Weller","24","100.0000","42602","Nitrogen dioxide (NO2)","599","42660","Seattle-Tacoma-Bellevue, WA","53","Washington","033","King","47.597222","-122.319722"
"04/12/2026","AQS","530330030","1","19.4","ppb","18","Seattle-10th & Weller","24","100.0000","42602","Nitrogen dioxide (NO2)","599","42660","Seattle-Tacoma-Bellevue, WA","53","Washington","033","King","47.597222","-122.319722"
"04/13/2026","AQS","530330030","1","19.3","ppb","18","Seattle-10th & Weller","23","96.0000","42602","Nitrogen dioxide (NO2)","599","42660","Seattle-Tacoma-Bellevue, WA","53","Washington","033","King","47.597222","-122.319722"
"04/14/2026","AQS","530330030","1","19.5","ppb","18","Seattle-10th & Weller","24","100.0000","42602","Nitrogen dioxide (NO2)","599","42660","Seattle-Tacoma-Bellevue, WA","53","Washington","033","King","47.597222","-122.319722"
"04/15/2026","AQS","530330030","1","24.7","ppb","23","Seattle-10th & Weller","21","88.0000","42602","Nitrogen dioxide (NO2)","599","42660","Seattle-Tacoma-Bellevue, WA","53","Washington","033","King","47.597222","-122.319722"
"04/16/2026","AQS","530330030","1","20.1","ppb","19","Seattle-10th & Weller","23","96.0000","42602","Nitrogen dioxide (NO2)","599","42660","Seattle-Tacoma-Bellevue, WA","53","Washington","033","King","47.597222","-122.319722"
"04/17/2026","AQS","530330030","1","27.7","ppb","25","Seattle-10th & Weller","24","100.0000","42602","Nitrogen dioxide (NO2)","599","42660","Seattle-Tacoma-Bellevue, WA","53","Washington","033","King","47.597222","-122.319722"
"04/18/2026","AQS","530330030","1","40.4","ppb","38","Seattle-10th & Weller","24","100.0000","42602","Nitrogen dioxide (NO2)","599","42660","Seattle-Tacoma-Bellevue, WA","53","Washington","033","King","47.597222","-122.319722"
"04/19/2026","AQS","530330030","1","24.7","ppb","23","Seattle-10th & Weller","23","96.0000","42602","Nitrogen dioxide (NO2)","599","42660","Seattle-Tacoma-Bellevue, WA","53","Washington","033","King","47.597222","-122.319722"
"04/20/2026","AQS","530330030","1","37.4","ppb","35","Seattle-10th & Weller","24","100.0000","42602","Nitrogen dioxide (NO2)","599","42660","Seattle-Tacoma-Bellevue, WA","53","Washington","033","King","47.597222","-122.319722"
"04/21/2026","AQS","530330030","1","25.1","ppb","24","Seattle-10th & Weller","22","92.0000","42602","Nitrogen dioxide (NO2)","599","42660","Seattle-Tacoma-Bellevue, WA","53","Washington","033","King","47.597222","-122.319722"
"04/22/2026","AQS","530330030","1","30","ppb","28","Seattle-10th & Weller","23","96.0000","42602","Nitrogen dioxide (NO2)","599","42660","Seattle-Tacoma-Bellevue, WA","53","Washington","033","King","47.597222","-122.319722"
"04/23/2026","AQS","530330030","1","26.2","ppb","25","Seattle-10th & Weller","24","100.0000","42602","Nitrogen dioxide (NO2)","599","42660","Seattle-Tacoma-Bellevue, WA","53","Washington","033","King","47.597222","-122.319722"
"04/24/2026","AQS","530330030","1","40.2","ppb","38","Seattle-10th & Weller","24","100.0000","42602","Nitrogen dioxide (NO2)","599","42660","Seattle-Tacoma-Bellevue, WA","53","Washington","033","King","47.597222","-122.319722"
"04/25/2026","AQS","530330030","1","31.4","ppb","29","Seattle-10th & Weller","23","96.0000","42602","Nitrogen dioxide (NO2)","599","42660","Seattle-Tacoma-Bellevue, WA","53","Washington","033","King","47.597222","-122.319722"
"04/26/2026","AQS","530330030","1","31.2","ppb","29","Seattle-10th & Weller","24","100.0000","42602","Nitrogen dioxide (NO2)","599","42660","Seattle-Tacoma-Bellevue, WA","53","Washington","033","King","47.597222","-122.319722"
"04/27/2026","AQS","530330030","1","17.3","ppb","16","Seattle-10th & Weller","23","96.0000","42602","Nitrogen dioxide (NO2)","599","42660","Seattle-Tacoma-Bellevue, WA","53","Washington","033","King","47.597222","-122.319722"
"04/28/2026","AQS","530330030","1","30.3","ppb","28","Seattle-10th & Weller","23","96.0000","42602","Nitrogen dioxide (NO2)","599","42660","Seattle-Tacoma-Bellevue, WA","53","Washington","033","King","47.597222","-122.319722"
"04/29/2026","AQS","530330030","1","19.3","ppb","18","Seattle-10th & Weller","24","100.0000","42602","Nitrogen dioxide (NO2)","599","42660","Seattle-Tacoma-Bellevue, WA","53","Washington","033","King","47.597222","-122.319722"
"04/30/2026","AQS","530330030","1","24.3","ppb","23","Seattle-10th & Weller","24","100.0000","42602","Nitrogen dioxide (NO2)","599","42660","Seattle-Tacoma-Bellevue, WA","53","Washington","033","King","47.597222","-122.319722"
"01/01/2026","AQS","530330057","1","18.2","ppb","17","SEATTLE - DUWAMISH","24","100.0000","42602","Nitrogen dioxide (NO2)","256","42660","Seattle-Tacoma-Bellevue, WA","53","Washington","033","King","47.55975","-122.338265"
"01/02/2026","AQS","530330057","1","22.5","ppb","21","SEATTLE - DUWAMISH","23","96.0000","42602","Nitrogen dioxide (NO2)","256","42660","Seattle-Tacoma-Bellevue, WA","53","Washington","033","King","47.55975","-122.338265"
"01/03/2026","AQS","530330057","1","22.2","ppb","21","SEATTLE - DUWAMISH","24","100.0000","42602","Nitrogen dioxide (NO2)","256","42660","Seattle-Tacoma-Bellevue, WA","53","Washington","033","King","47.55975","-122.338265"
"01/04/2026","AQS","530330057","1","25.6","ppb","24","SEATTLE - DUWAMISH","24","100.0000","42602","Nitrogen dioxide (NO2)","256","42660","Seattle-Tacoma-Bellevue, WA","53","Washington","033","King","47.55975","-122.338265"
"01/05/2026","AQS","530330057","1","29.9","ppb","27","SEATTLE - DUWAMISH","23","96.0000","42602","Nitrogen dioxide (NO2)","256","42660","Seattle-Tacoma-Bellevue, WA","53","Washington","033","King","47.55975","-122.338265"
"01/06/2026","AQS","530330057","1","14.6","ppb","13","SEATTLE - DUWAMISH","23","96.0000","42602","Nitrogen dioxide (NO2)","256","42660","Seattle-Tacoma-Bellevue, WA","53","Washington","033","King","47.55975","-122.338265"
"01/07/2026","AQS","530330057","1","24.9","ppb","23","SEATTLE - DUWAMISH","24","100.0000","42602","Nitrogen dioxide (NO2)","256","42660","Seattle-Tacoma-Bellevue, WA","53","Washington","033","King","47.55975","-122.338265"
"01/08/2026","AQS","530330057","1","29.7","ppb","27","SEATTLE - DUWAMISH","23","96.0000","42602","Nitrogen dioxide (NO2)","256","42660","Seattle-Tacoma-Bellevue, WA","53","Washington","033","King","47.55975","-122.338265"
"01/09/2026","AQS","530330057","1","25.7","ppb","24","SEATTLE - DUWAMISH","24","100.0000","42602","Nitrogen dioxide (NO2)","256","42660","Seattle-Tacoma-Bellevue, WA","53","Washington","033","King","47.55975","-122.338265"
"01/10/2026","AQS","530330057","1","22.9","ppb","21","SEATTLE - DUWAMISH","24","100.0000","42602","Nitrogen dioxide (NO2)","256","42660","Seattle-Tacoma-Bellevue, WA","53","Washington","033","King","47.55975","-122.338265"
"01/11/2026","AQS","530330057","1","23.3","ppb","22","SEATTLE - DUWAMISH","23","96.0000","42602","Nitrogen dioxide (NO2)","256","42660","Seattle-Tacoma-Bellevue, WA","53","Washington","033","King","47.55975","-122.338265"
"01/12/2026","AQS","530330057","1","27.4","ppb","25","SEATTLE - DUWAMISH","23","96.0000","42602","Nitrogen dioxide (NO2)","256","42660","Seattle-Tacoma-Bellevue, WA","53","Washington","033","King","47.55975","-122.338265"
"01/13/2026","AQS","530330057","1","35.1","ppb","33","SEATTLE - DUWAMISH","24","100.0000","42602","Nitrogen dioxide (NO2)","256","42660","Seattle-Tacoma-Bellevue, WA","53","Washington","033","King","47.55975","-122.338265"
"01/14/2026","AQS","530330057","1","23.4","ppb","22","SEATTLE - DUWAMISH","23","96.0000","42602","Nitrogen dioxide (NO2)","256","42660","Seattle-Tacoma-Bellevue, WA","53","Washington","033","King","47.55975","-122.338265"
"01/15/2026","AQS","530330057","1","15.9","ppb","14","SEATTLE - DUWAMISH","24","100.0000","42602","Nitrogen dioxide (NO2)","256","42660","Seattle-Tacoma-Bellevue, WA","53","Washington","033","King","47.55975","-122.338265"
"01/16/2026","AQS","530330057","1","25.9","ppb","24","SEATTLE - DUWAMISH","24","100.0000","42602","Nitrogen dioxide (NO2)","256","42660","Seattle-Tacoma-Bellevue, WA","53","Washington","033","King","47.55975","-122.338265"
"01/17/2026","AQS","530330057","1","23.6","ppb","22","SEATTLE - DUWAMISH","23","96.0000","42602","Nitrogen dioxide (NO2)","256","42660","Seattle-Tacoma-Bellevue, WA","53","Washington","033","King","47.55975","-122.338265"
"01/18/2026","AQS","530330057","1","21.5","ppb","20","SEATTLE - DUWAMISH","23","96.0000","42602","Nitrogen dioxide (NO2)","256","42660","Seattle-Tacoma-Bellevue, WA","53","Washington","033","King","47.55975","-122.338265"
"01/19/2026","AQS","530330057","1","21","ppb","20","SEATTLE - DUWAMISH","24","100.0000","42602","Nitrogen dioxide (NO2)","256","42660","Seattle-Tacoma-Bellevue, WA","53","Washington","033","King","47.55975","-122.338265"
"01/20/2026","AQS","530330057","1","24.6","ppb","23","SEATTLE - DUWAMISH","23","96.0000","42602","Nitrogen dioxide (NO2)","256","42660","Seattle-Tacoma-Bellevue, WA","53","Washington","033","King","47.55975","-122.338265"
"01/21/2026","AQS","530330057","1","25.4","ppb","24","SEATTLE - DUWAMISH","24","100.0000","42602","Nitrogen dioxide (NO2)","256","42660","Seattle-Tacoma-Bellevue, WA","53","Washington","033","King","47.55975","-122.338265"
"01/22/2026","AQS","530330057","1","20.7","ppb","19","SEATTLE - DUWAMISH","24","100.0000","42602","Nitrogen dioxide (NO2)","256","42660","Seattle-Tacoma-Bellevue, WA","53","Washington","033","King","47.55975","-122.338265"
"01/23/2026","AQS","530330057","1","26.2","ppb","25","SEATTLE - DUWAMISH","24","100.0000","42602","Nitrogen dioxide (NO2)","256","42660","Seattle-Tacoma-Bellevue, WA","53","Washington","033","King","47.55975","-122.338265"
"01/24/2026","AQS","530330057","1","25.9","ppb","24","SEATTLE - DUWAMISH","24","100.0000","42602","Nitrogen dioxide (NO2)","256","42660","Seattle-Tacoma-Bellevue, WA","53","Washington","033","King","47.55975","-122.338265"
"01/25/2026","AQS","530330057","1","26.2","ppb","25","SEATTLE - DUWAMISH","24","100.0000","42602","Nitrogen dioxide (NO2)","256","42660","Seattle-Tacoma-Bellevue, WA","53","Washington","033","King","47.55975","-122.338265"
"01/26/2026","AQS","530330057","1","33.7","ppb","31","SEATTLE - DUWAMISH","23","96.0000","42602","Nitrogen dioxide (NO2)","256","42660","Seattle-Tacoma-Bellevue, WA","53","Washington","033","King","47.55975","-122.338265"
"01/27/2026","AQS","530330057","1","44.6","ppb","42","SEATTLE - DUWAMISH","22","92.0000","42602","Nitrogen dioxide (NO2)","256","42660","Seattle-Tacoma-Bellevue, WA","53","Washington","033","King","47.55975","-122.338265"
"01/28/2026","AQS","530330057","1","34.5","ppb","32","SEATTLE - DUWAMISH","24","100.0000","42602","Nitrogen dioxide (NO2)","256","42660","Seattle-Tacoma-Bellevue, WA","53","Washington","033","King","47.55975","-122.338265"
"01/29/2026","AQS","530330057","1","30.9","ppb","28","SEATTLE - DUWAMISH","24","100.0000","42602","Nitrogen dioxide (NO2)","256","42660","Seattle-Tacoma-Bellevue, WA","53","Washington","033","King","47.55975","-122.338265"
"01/30/2026","AQS","530330057","1","32.1","ppb","30","SEATTLE - DUWAMISH","24","100.0000","42602","Nitrogen dioxide (NO2)","256","42660","Seattle-Tacoma-Bellevue, WA","53","Washington","033","King","47.55975","-122.338265"
"01/31/2026","AQS","530330057","1","22.8","ppb","21","SEATTLE - DUWAMISH","24","100.0000","42602","Nitrogen dioxide (NO2)","256","42660","Seattle-Tacoma-Bellevue, WA","53","Washington","033","King","47.55975","-122.338265"
"02/01/2026","AQS","530330057","1","28.4","ppb","26","SEATTLE - DUWAMISH","24","100.0000","42602","Nitrogen dioxide (NO2)","256","42660","Seattle-Tacoma-Bellevue, WA","53","Washington","033","King","47.55975","-122.338265"
"02/02/2026","AQS","530330057","1","27.3","ppb","25","SEATTLE - DUWAMISH","23","96.0000","42602","Nitrogen dioxide (NO2)","256","42660","Seattle-Tacoma-Bellevue, WA","53","Washington","033","King","47.55975","-122.338265"
"02/03/2026","AQS","530330057","1","22.9","ppb","21","SEATTLE - DUWAMISH","22","92.0000","42602","Nitrogen dioxide (NO2)","256","42660","Seattle-Tacoma-Bellevue, WA","53","Washington","033","King","47.55975","-122.338265"
"02/04/2026","AQS","530330057","1","27","ppb","25","SEATTLE - DUWAMISH","24","100.0000","42602","Nitrogen dioxide (NO2)","256","42660","Seattle-Tacoma-Bellevue, WA","53","Washington","033","King","47.55975","-122.338265"
"02/05/2026","AQS","530330057","1","24.7","ppb","23","SEATTLE - DUWAMISH","24","100.0000","42602","Nitrogen dioxide (NO2)","256","42660","Seattle-Tacoma-Bellevue, WA","53","Washington","033","King","47.55975","-122.338265"
"02/14/2026","AQS","530330057","1","17.2","ppb","16","SEATTLE - DUWAMISH","24","100.0000","42602","Nitrogen dioxide (NO2)","256","42660","Seattle-Tacoma-Bellevue, WA","53","Washington","033","King","47.55975","-122.338265"
"02/15/2026","AQS","530330057","1","22.3","ppb","21","SEATTLE - DUWAMISH","24","100.0000","42602","Nitrogen dioxide (NO2)","256","42660","Seattle-Tacoma-Bellevue, WA","53","Washington","033","King","47.55975","-122.338265"
"02/16/2026","AQS","530330057","1","26.6","ppb","25","SEATTLE - DUWAMISH","23","96.0000","42602","Nitrogen dioxide (NO2)","256","42660","Seattle-Tacoma-Bellevue, WA","53","Washington","033","King","47.55975","-122.338265"
"02/17/2026","AQS","530330057","1","32.4","ppb","30","SEATTLE - DUWAMISH","23","96.0000","42602","Nitrogen dioxide (NO2)","256","42660","Seattle-Tacoma-Bellevue, WA","53","Washington","033","King","47.55975","-122.338265"
"02/18/2026","AQS","530330057","1","28.7","ppb","26","SEATTLE - DUWAMISH","24","100.0000","42602","Nitrogen dioxide (NO2)","256","42660","Seattle-Tacoma-Bellevue, WA","53","Washington","033","King","47.55975","-122.338265"
"02/19/2026","AQS","530330057","1","22.8","ppb","21","SEATTLE - DUWAMISH","24","100.0000","42602","Nitrogen dioxide (NO2)","256","42660","Seattle-Tacoma-Bellevue, WA","53","Washington","033","King","47.55975","-122.338265"
"02/20/2026","AQS","530330057","1","29","ppb","27","SEATTLE - DUWAMISH","24","100.0000","42602","Nitrogen dioxide (NO2)","256","42660","Seattle-Tacoma-Bellevue, WA","53","Washington","033","King","47.55975","-122.338265"
"02/21/2026","AQS","530330057","1","30.4","ppb","28","SEATTLE - DUWAMISH","24","100.0000","42602","Nitrogen dioxide (NO2)","256","42660","Seattle-Tacoma-Bellevue, WA","53","Washington","033","King","47.55975","-122.338265"
"02/22/2026","AQS","530330057","1","30.6","ppb","28","SEATTLE - DUWAMISH","24","100.0000","42602","Nitrogen dioxide (NO2)","256","42660","Seattle-Tacoma-Bellevue, WA","53","Washington","033","King","47.55975","-122.338265"
"02/23/2026","AQS","530330057","1","27.6","ppb","25","SEATTLE - DUWAMISH","23","96.0000","42602","Nitrogen dioxide (NO2)","256","42660","Seattle-Tacoma-Bellevue, WA","53","Washington","033","King","47.55975","-122.338265"
"02/24/2026","AQS","530330057","1","31.8","ppb","29","SEATTLE - DUWAMISH","23","96.0000","42602","Nitrogen dioxide (NO2)","256","42660","Seattle-Tacoma-Bellevue, WA","53","Washington","033","King","47.55975","-122.338265"
"02/25/2026","AQS","530330057","1","26.5","ppb","25","SEATTLE - DUWAMISH","24","100.0000","42602","Nitrogen dioxide (NO2)","256","42660","Seattle-Tacoma-Bellevue, WA","53","Washington","033","King","47.55975","-122.338265"
"02/26/2026","AQS","530330057","1","10.6","ppb","9","SEATTLE - DUWAMISH","24","100.0000","42602","Nitrogen dioxide (NO2)","256","42660","Seattle-Tacoma-Bellevue, WA","53","Washington","033","King","47.55975","-122.338265"
"02/27/2026","AQS","530330057","1","15.9","ppb","14","SEATTLE - DUWAMISH","24","100.0000","42602","Nitrogen dioxide (NO2)","256","42660","Seattle-Tacoma-Bellevue, WA","53","Washington","033","King","47.55975","-122.338265"
"02/28/2026","AQS","530330057","1","25.4","ppb","24","SEATTLE - DUWAMISH","24","100.0000","42602","Nitrogen dioxide (NO2)","256","42660","Seattle-Tacoma-Bellevue, WA","53","Washington","033","King","47.55975","-122.338265"
"03/01/2026","AQS","530330057","1","26.2","ppb","25","SEATTLE - DUWAMISH","24","100.0000","42602","Nitrogen dioxide (NO2)","256","42660","Seattle-Tacoma-Bellevue, WA","53","Washington","033","King","47.55975","-122.338265"
"03/02/2026","AQS","530330057","1","30.7","ppb","28","SEATTLE - DUWAMISH","23","96.0000","42602","Nitrogen dioxide (NO2)","256","42660","Seattle-Tacoma-Bellevue, WA","53","Washington","033","King","47.55975","-122.338265"
"03/03/2026","AQS","530330057","1","24.6","ppb","23","SEATTLE - DUWAMISH","23","96.0000","42602","Nitrogen dioxide (NO2)","256","42660","Seattle-Tacoma-Bellevue, WA","53","Washington","033","King","47.55975","-122.338265"
"03/04/2026","AQS","530330057","1","20.8","ppb","19","SEATTLE - DUWAMISH","24","100.0000","42602","Nitrogen dioxide (NO2)","256","42660","Seattle-Tacoma-Bellevue, WA","53","Washington","033","King","47.55975","-122.338265"
"03/05/2026","AQS","530330057","1","16","ppb","15","SEATTLE - DUWAMISH","24","100.0000","42602","Nitrogen dioxide (NO2)","256","42660","Seattle-Tacoma-Bellevue, WA","53","Washington","033","King","47.55975","-122.338265"
"03/06/2026","AQS","530330057","1","21.9","ppb","20","SEATTLE - DUWAMISH","24","100.0000","42602","Nitrogen dioxide (NO2)","256","42660","Seattle-Tacoma-Bellevue, WA","53","Washington","033","King","47.55975","-122.338265"
"03/07/2026","AQS","530330057","1","8.3","ppb","8","SEATTLE - DUWAMISH","24","100.0000","42602","Nitrogen dioxide (NO2)","256","42660","Seattle-Tacoma-Bellevue, WA","53","Washington","033","King","47.55975","-122.338265"
"03/08/2026","AQS","530330057","1","11.6","ppb","10","SEATTLE - DUWAMISH","24","100.0000","42602","Nitrogen dioxide (NO2)","256","42660","Seattle-Tacoma-Bellevue, WA","53","Washington","033","King","47.55975","-122.338265"
"03/09/2026","AQS","530330057","1","12","ppb","11","SEATTLE - DUWAMISH","23","96.0000","42602","Nitrogen dioxide (NO2)","256","42660","Seattle-Tacoma-Bellevue, WA","53","Washington","033","King","47.55975","-122.338265"
"03/10/2026","AQS","530330057","1","14.9","ppb","13","SEATTLE - DUWAMISH","23","96.0000","42602","Nitrogen dioxide (NO2)","256","42660","Seattle-Tacoma-Bellevue, WA","53","Washington","033","King","47.55975","-122.338265"
"03/11/2026","AQS","530330057","1","16.8","ppb","15","SEATTLE - DUWAMISH","24","100.0000","42602","Nitrogen dioxide (NO2)","256","42660","Seattle-Tacoma-Bellevue, WA","53","Washington","033","King","47.55975","-122.338265"
"03/12/2026","AQS","530330057","1","14.6","ppb","13","SEATTLE - DUWAMISH","24","100.0000","42602","Nitrogen dioxide (NO2)","256","42660","Seattle-Tacoma-Bellevue, WA","53","Washington","033","King","47.55975","-122.338265"
"03/13/2026","AQS","530330057","1","41.2","ppb","39","SEATTLE - DUWAMISH","24","100.0000","42602","Nitrogen dioxide (NO2)","256","42660","Seattle-Tacoma-Bellevue, WA","53","Washington","033","King","47.55975","-122.338265"
"03/14/2026","AQS","530330057","1","31.3","ppb","29","SEATTLE - DUWAMISH","24","100.0000","42602","Nitrogen dioxide (NO2)","256","42660","Seattle-Tacoma-Bellevue, WA","53","Washington","033","King","47.55975","-122.338265"
"03/15/2026","AQS","530330057","1","18.8","ppb","17","SEATTLE - DUWAMISH","24","100.0000","42602","Nitrogen dioxide (NO2)","256","42660","Seattle-Tacoma-Bellevue, WA","53","Washington","033","King","47.55975","-122.338265"
"03/16/2026","AQS","530330057","1","22","ppb","21","SEATTLE - DUWAMISH","23","96.0000","42602","Nitrogen dioxide (NO2)","256","42660","Seattle-Tacoma-Bellevue, WA","53","Washington","033","King","47.55975","-122.338265"
"03/17/2026","AQS","530330057","1","22.5","ppb","21","SEATTLE - DUWAMISH","23","96.0000","42602","Nitrogen dioxide (NO2)","256","42660","Seattle-Tacoma-Bellevue, WA","53","Washington","033","King","47.55975","-122.338265"
"03/18/2026","AQS","530330057","1","17.4","ppb","16","SEATTLE - DUWAMISH","24","100.0000","42602","Nitrogen dioxide (NO2)","256","42660","Seattle-Tacoma-Bellevue, WA","53","Washington","033","King","47.55975","-122.338265"
"03/19/2026","AQS","530330057","1","17.1","ppb","16","SEATTLE - DUWAMISH","24","100.0000","42602","Nitrogen dioxide (NO2)","256","42660","Seattle-Tacoma-Bellevue, WA","53","Washington","033","King","47.55975","-122.338265"
"03/20/2026","AQS","530330057","1","12.4","ppb","11","SEATTLE - DUWAMISH","24","100.0000","42602","Nitrogen dioxide (NO2)","256","42660","Seattle-Tacoma-Bellevue, WA","53","Washington","033","King","47.55975","-122.338265"
"03/21/2026","AQS","530330057","1","10.7","ppb","9","SEATTLE - DUWAMISH","24","100.0000","42602","Nitrogen dioxide (NO2)","256","42660","Seattle-Tacoma-Bellevue, WA","53","Washington","033","King","47.55975","-122.338265"
"03/22/2026","AQS","530330057","1","12.7","ppb","11","SEATTLE - DUWAMISH","24","100.0000","42602","Nitrogen dioxide (NO2)","256","42660","Seattle-Tacoma-Bellevue, WA","53","Washington","033","King","47.55975","-122.338265"
"03/23/2026","AQS","530330057","1","29.9","ppb","27","SEATTLE - DUWAMISH","23","96.0000","42602","Nitrogen dioxide (NO2)","256","42660","Seattle-Tacoma-Bellevue, WA","53","Washington","033","King","47.55975","-122.338265"
"03/24/2026","AQS","530330057","1","27.3","ppb","25","SEATTLE - DUWAMISH","23","96.0000","42602","Nitrogen dioxide (NO2)","256","42660","Seattle-Tacoma-Bellevue, WA","53","Washington","033","King","47.55975","-122.338265"
"03/25/2026","AQS","530330057","1","14.1","ppb","13","SEATTLE - DUWAMISH","24","100.0000","42602","Nitrogen dioxide (NO2)","256","42660","Seattle-Tacoma-Bellevue, WA","53","Washington","033","King","47.55975","-122.338265"
"03/26/2026","AQS","530330057","1","33.3","ppb","31","SEATTLE - DUWAMISH","24","100.0000","42602","Nitrogen dioxide (NO2)","256","42660","Seattle-Tacoma-Bellevue, WA","53","Washington","033","King","47.55975","-122.338265"
"03/27/2026","AQS","530330057","1","25.2","ppb","24","SEATTLE - DUWAMISH","24","100.0000","42602","Nitrogen dioxide (NO2)","256","42660","Seattle-Tacoma-Bellevue, WA","53","Washington","033","King","47.55975","-122.338265"
"03/28/2026","AQS","530330057","1","18.1","ppb","17","SEATTLE - DUWAMISH","24","100.0000","42602","Nitrogen dioxide (NO2)","256","42660","Seattle-Tacoma-Bellevue, WA","53","Washington","033","King","47.55975","-122.338265"
"03/29/2026","AQS","530330057","1","14.7","ppb","13","SEATTLE - DUWAMISH","24","100.0000","42602","Nitrogen dioxide (NO2)","256","42660","Seattle-Tacoma-Bellevue, WA","53","Washington","033","King","47.55975","-122.338265"
"03/30/2026","AQS","530330057","1","24.6","ppb","23","SEATTLE - DUWAMISH","23","96.0000","42602","Nitrogen dioxide (NO2)","256","42660","Seattle-Tacoma-Bellevue, WA","53","Washington","033","King","47.55975","-122.338265"
"03/31/2026","AQS","530330057","1","24.8","ppb","23","SEATTLE - DUWAMISH","23","96.0000","42602","Nitrogen dioxide (NO2)","256","42660","Seattle-Tacoma-Bellevue, WA","53","Washington","033","King","47.55975","-122.338265"
"04/01/2026","AQS","530330057","1","18.8","ppb","17","SEATTLE - DUWAMISH","24","100.0000","42602","Nitrogen dioxide (NO2)","256","42660","Seattle-Tacoma-Bellevue, WA","53","Washington","033","King","47.55975","-122.338265"
"04/02/2026","AQS","530330057","1","14.3","ppb","13","SEATTLE - DUWAMISH","24","100.0000","42602","Nitrogen dioxide (NO2)","256","42660","Seattle-Tacoma-Bellevue, WA","53","Washington","033","King","47.55975","-122.338265"
"04/03/2026","AQS","530330057","1","22.8","ppb","21","SEATTLE - DUWAMISH","24","100.0000","42602","Nitrogen dioxide (NO2)","256","42660","Seattle-Tacoma-Bellevue, WA","53","Washington","033","King","47.55975","-122.338265"
"04/04/2026","AQS","530330057","1","19.5","ppb","18","SEATTLE - DUWAMISH","24","100.0000","42602","Nitrogen dioxide (NO2)","256","42660","Seattle-Tacoma-Bellevue, WA","53","Washington","033","King","47.55975","-122.338265"
"04/05/2026","AQS","530330057","1","20.8","ppb","19","SEATTLE - DUWAMISH","24","100.0000","42602","Nitrogen dioxide (NO2)","256","42660","Seattle-Tacoma-Bellevue, WA","53","Washington","033","King","47.55975","-122.338265"
"04/06/2026","AQS","530330057","1","28.5","ppb","26","SEATTLE - DUWAMISH","23","96.0000","42602","Nitrogen dioxide (NO2)","256","42660","Seattle-Tacoma-Bellevue, WA","53","Washington","033","King","47.55975","-122.338265"
"04/07/2026","AQS","530330057","1","18.9","ppb","17","SEATTLE - DUWAMISH","23","96.0000","42602","Nitrogen dioxide (NO2)","256","42660","Seattle-Tacoma-Bellevue, WA","53","Washington","033","King","47.55975","-122.338265"
"04/08/2026","AQS","530330057","1","27.2","ppb","25","SEATTLE - DUWAMISH","24","100.0000","42602","Nitrogen dioxide (NO2)","256","42660","Seattle-Tacoma-Bellevue, WA","53","Washington","033","King","47.55975","-122.338265"
"04/09/2026","AQS","530330057","1","24.9","ppb","23","SEATTLE - DUWAMISH","24","100.0000","42602","Nitrogen dioxide (NO2)","256","42660","Seattle-Tacoma-Bellevue, WA","53","Washington","033","King","47.55975","-122.338265"
"04/10/2026","AQS","530330057","1","37.6","ppb","35","SEATTLE - DUWAMISH","24","100.0000","42602","Nitrogen dioxide (NO2)","256","42660","Seattle-Tacoma-Bellevue, WA","53","Washington","033","King","47.55975","-122.338265"
"04/11/2026","AQS","530330057","1","15","ppb","14","SEATTLE - DUWAMISH","24","100.0000","42602","Nitrogen dioxide (NO2)","256","42660","Seattle-Tacoma-Bellevue, WA","53","Washington","033","King","47.55975","-122.338265"
"04/12/2026","AQS","530330057","1","10.5","ppb","9","SEATTLE - DUWAMISH","24","100.0000","42602","Nitrogen dioxide (NO2)","256","42660","Seattle-Tacoma-Bellevue, WA","53","Washington","033","King","47.55975","-122.338265"
"04/13/2026","AQS","530330057","1","9.9","ppb","8","SEATTLE - DUWAMISH","23","96.0000","42602","Nitrogen dioxide (NO2)","256","42660","Seattle-Tacoma-Bellevue, WA","53","Washington","033","King","47.55975","-122.338265"
"04/14/2026","AQS","530330057","1","13.7","ppb","12","SEATTLE - DUWAMISH","23","96.0000","42602","Nitrogen dioxide (NO2)","256","42660","Seattle-Tacoma-Bellevue, WA","53","Washington","033","King","47.55975","-122.338265"
"04/15/2026","AQS","530330057","1","23.8","ppb","22","SEATTLE - DUWAMISH","24","100.0000","42602","Nitrogen dioxide (NO2)","256","42660","Seattle-Tacoma-Bellevue, WA","53","Washington","033","King","47.55975","-122.338265"
"04/16/2026","AQS","530330057","1","21.9","ppb","20","SEATTLE - DUWAMISH","24","100.0000","42602","Nitrogen dioxide (NO2)","256","42660","Seattle-Tacoma-Bellevue, WA","53","Washington","033","King","47.55975","-122.338265"
"04/17/2026","AQS","530330057","1","26.7","ppb","25","SEATTLE - DUWAMISH","24","100.0000","42602","Nitrogen dioxide (NO2)","256","42660","Seattle-Tacoma-Bellevue, WA","53","Washington","033","King","47.55975","-122.338265"
"04/18/2026","AQS","530330057","1","36.6","ppb","34","SEATTLE - DUWAMISH","24","100.0000","42602","Nitrogen dioxide (NO2)","256","42660","Seattle-Tacoma-Bellevue, WA","53","Washington","033","King","47.55975","-122.338265"
"04/19/2026","AQS","530330057","1","17.4","ppb","16","SEATTLE - DUWAMISH","24","100.0000","42602","Nitrogen dioxide (NO2)","256","42660","Seattle-Tacoma-Bellevue, WA","53","Washington","033","King","47.55975","-122.338265"
"04/20/2026","AQS","530330057","1","20.2","ppb","19","SEATTLE - DUWAMISH","23","96.0000","42602","Nitrogen dioxide (NO2)","256","42660","Seattle-Tacoma-Bellevue, WA","53","Washington","033","King","47.55975","-122.338265"
"04/21/2026","AQS","530330057","1","16.5","ppb","15","SEATTLE - DUWAMISH","23","96.0000","42602","Nitrogen dioxide (NO2)","256","42660","Seattle-Tacoma-Bellevue, WA","53","Washington","033","King","47.55975","-122.338265"
"04/22/2026","AQS","530330057","1","17","ppb","16","SEATTLE - DUWAMISH","24","100.0000","42602","Nitrogen dioxide (NO2)","256","42660","Seattle-Tacoma-Bellevue, WA","53","Washington","033","King","47.55975","-122.338265"
"04/23/2026","AQS","530330057","1","31.7","ppb","29","SEATTLE - DUWAMISH","24","100.0000","42602","Nitrogen dioxide (NO2)","256","42660","Seattle-Tacoma-Bellevue, WA","53","Washington","033","King","47.55975","-122.338265"
"04/24/2026","AQS","530330057","1","20.7","ppb","19","SEATTLE - DUWAMISH","24","100.0000","42602","Nitrogen dioxide (NO2)","256","42660","Seattle-Tacoma-Bellevue, WA","53","Washington","033","King","47.55975","-122.338265"
"04/25/2026","AQS","530330057","1","28.5","ppb","26","SEATTLE - DUWAMISH","24","100.0000","42602","Nitrogen dioxide (NO2)","256","42660","Seattle-Tacoma-Bellevue, WA","53","Washington","033","King","47.55975","-122.338265"
"04/26/2026","AQS","530330057","1","29.8","ppb","27","SEATTLE - DUWAMISH","24","100.0000","42602","Nitrogen dioxide (NO2)","256","42660","Seattle-Tacoma-Bellevue, WA","53","Washington","033","King","47.55975","-122.338265"
"04/27/2026","AQS","530330057","1","13.8","ppb","12","SEATTLE - DUWAMISH","23","96.0000","42602","Nitrogen dioxide (NO2)","256","42660","Seattle-Tacoma-Bellevue, WA","53","Washington","033","King","47.55975","-122.338265"
"04/28/2026","AQS","530330057","1","18","ppb","17","SEATTLE - DUWAMISH","23","96.0000","42602","Nitrogen dioxide (NO2)","256","42660","Seattle-Tacoma-Bellevue, WA","53","Washington","033","King","47.55975","-122.338265"
"04/29/2026","AQS","530330057","1","21.7","ppb","20","SEATTLE - DUWAMISH","24","100.0000","42602","Nitrogen dioxide (NO2)","256","42660","Seattle-Tacoma-Bellevue, WA","53","Washington","033","King","47.55975","-122.338265"
"04/30/2026","AQS","530330057","1","23.3","ppb","22","SEATTLE - DUWAMISH","24","100.0000","42602","Nitrogen dioxide (NO2)","256","42660","Seattle-Tacoma-Bellevue, WA","53","Washington","033","King","47.55975","-122.338265"
"01/01/2026","AQS","530330080","1","19.7","ppb","18","SEATTLE - BEACON HILL","23","96.0000","42602","Nitrogen dioxide (NO2)","212","42660","Seattle-Tacoma-Bellevue, WA","53","Washington","033","King","47.568236","-122.308628"
"01/02/2026","AQS","530330080","1","21.3","ppb","20","SEATTLE - BEACON HILL","24","100.0000","42602","Nitrogen dioxide (NO2)","212","42660","Seattle-Tacoma-Bellevue, WA","53","Washington","033","King","47.568236","-122.308628"
"01/03/2026","AQS","530330080","1","22.8","ppb","21","SEATTLE - BEACON HILL","24","100.0000","42602","Nitrogen dioxide (NO2)","212","42660","Seattle-Tacoma-Bellevue, WA","53","Washington","033","King","47.568236","-122.308628"
"01/04/2026","AQS","530330080","1","21.1","ppb","20","SEATTLE - BEACON HILL","24","100.0000","42602","Nitrogen dioxide (NO2)","212","42660","Seattle-Tacoma-Bellevue, WA","53","Washington","033","King","47.568236","-122.308628"
"01/05/2026","AQS","530330080","1","29.8","ppb","27","SEATTLE - BEACON HILL","22","92.0000","42602","Nitrogen dioxide (NO2)","212","42660","Seattle-Tacoma-Bellevue, WA","53","Washington","033","King","47.568236","-122.308628"
"01/06/2026","AQS","530330080","1","15.1","ppb","14","SEATTLE - BEACON HILL","24","100.0000","42602","Nitrogen dioxide (NO2)","212","42660","Seattle-Tacoma-Bellevue, WA","53","Washington","033","King","47.568236","-122.308628"
"01/07/2026","AQS","530330080","1","17.9","ppb","16","SEATTLE - BEACON HILL","24","100.0000","42602","Nitrogen dioxide (NO2)","212","42660","Seattle-Tacoma-Bellevue, WA","53","Washington","033","King","47.568236","-122.308628"
"01/08/2026","AQS","530330080","1","23.2","ppb","22","SEATTLE - BEACON HILL","24","100.0000","42602","Nitrogen dioxide (NO2)","212","42660","Seattle-Tacoma-Bellevue, WA","53","Washington","033","King","47.568236","-122.308628"
"01/09/2026","AQS","530330080","1","30.5","ppb","28","SEATTLE - BEACON HILL","23","96.0000","42602","Nitrogen dioxide (NO2)","212","42660","Seattle-Tacoma-Bellevue, WA","53","Washington","033","King","47.568236","-122.308628"
"01/10/2026","AQS","530330080","1","25.3","ppb","24","SEATTLE - BEACON HILL","24","100.0000","42602","Nitrogen dioxide (NO2)","212","42660","Seattle-Tacoma-Bellevue, WA","53","Washington","033","King","47.568236","-122.308628"
"01/11/2026","AQS","530330080","1","28.1","ppb","26","SEATTLE - BEACON HILL","24","100.0000","42602","Nitrogen dioxide (NO2)","212","42660","Seattle-Tacoma-Bellevue, WA","53","Washington","033","King","47.568236","-122.308628"
"01/12/2026","AQS","530330080","1","22.2","ppb","21","SEATTLE - BEACON HILL","24","100.0000","42602","Nitrogen dioxide (NO2)","212","42660","Seattle-Tacoma-Bellevue, WA","53","Washington","033","King","47.568236","-122.308628"
"01/13/2026","AQS","530330080","1","31.4","ppb","29","SEATTLE - BEACON HILL","24","100.0000","42602","Nitrogen dioxide (NO2)","212","42660","Seattle-Tacoma-Bellevue, WA","53","Washington","033","King","47.568236","-122.308628"
"01/14/2026","AQS","530330080","1","25.7","ppb","24","SEATTLE - BEACON HILL","24","100.0000","42602","Nitrogen dioxide (NO2)","212","42660","Seattle-Tacoma-Bellevue, WA","53","Washington","033","King","47.568236","-122.308628"
"01/15/2026","AQS","530330080","1","11.7","ppb","10","SEATTLE - BEACON HILL","24","100.0000","42602","Nitrogen dioxide (NO2)","212","42660","Seattle-Tacoma-Bellevue, WA","53","Washington","033","King","47.568236","-122.308628"
"01/16/2026","AQS","530330080","1","18.8","ppb","17","SEATTLE - BEACON HILL","24","100.0000","42602","Nitrogen dioxide (NO2)","212","42660","Seattle-Tacoma-Bellevue, WA","53","Washington","033","King","47.568236","-122.308628"
"01/17/2026","AQS","530330080","1","24.3","ppb","23","SEATTLE - BEACON HILL","23","96.0000","42602","Nitrogen dioxide (NO2)","212","42660","Seattle-Tacoma-Bellevue, WA","53","Washington","033","King","47.568236","-122.308628"
"01/18/2026","AQS","530330080","1","26.6","ppb","25","SEATTLE - BEACON HILL","24","100.0000","42602","Nitrogen dioxide (NO2)","212","42660","Seattle-Tacoma-Bellevue, WA","53","Washington","033","King","47.568236","-122.308628"
"01/19/2026","AQS","530330080","1","28.9","ppb","26","SEATTLE - BEACON HILL","24","100.0000","42602","Nitrogen dioxide (NO2)","212","42660","Seattle-Tacoma-Bellevue, WA","53","Washington","033","King","47.568236","-122.308628"
"01/20/2026","AQS","530330080","1","25.4","ppb","24","SEATTLE - BEACON HILL","24","100.0000","42602","Nitrogen dioxide (NO2)","212","42660","Seattle-Tacoma-Bellevue, WA","53","Washington","033","King","47.568236","-122.308628"
"01/21/2026","AQS","530330080","1","31.9","ppb","29","SEATTLE - BEACON HILL","24","100.0000","42602","Nitrogen dioxide (NO2)","212","42660","Seattle-Tacoma-Bellevue, WA","53","Washington","033","King","47.568236","-122.308628"
"01/22/2026","AQS","530330080","1","24.5","ppb","23","SEATTLE - BEACON HILL","24","100.0000","42602","Nitrogen dioxide (NO2)","212","42660","Seattle-Tacoma-Bellevue, WA","53","Washington","033","King","47.568236","-122.308628"
"01/23/2026","AQS","530330080","1","21.5","ppb","20","SEATTLE - BEACON HILL","24","100.0000","42602","Nitrogen dioxide (NO2)","212","42660","Seattle-Tacoma-Bellevue, WA","53","Washington","033","King","47.568236","-122.308628"
"01/24/2026","AQS","530330080","1","25.6","ppb","24","SEATTLE - BEACON HILL","24","100.0000","42602","Nitrogen dioxide (NO2)","212","42660","Seattle-Tacoma-Bellevue, WA","53","Washington","033","King","47.568236","-122.308628"
"01/25/2026","AQS","530330080","1","31.2","ppb","29","SEATTLE - BEACON HILL","23","96.0000","42602","Nitrogen dioxide (NO2)","212","42660","Seattle-Tacoma-Bellevue, WA","53","Washington","033","King","47.568236","-122.308628"
"01/26/2026","AQS","530330080","1","33.6","ppb","31","SEATTLE - BEACON HILL","24","100.0000","42602","Nitrogen dioxide (NO2)","212","42660","Seattle-Tacoma-Bellevue, WA","53","Washington","033","King","47.568236","-122.308628"
"01/27/2026","AQS","530330080","1","33.4","ppb","31","SEATTLE - BEACON HILL","24","100.0000","42602","Nitrogen dioxide (NO2)","212","42660","Seattle-Tacoma-Bellevue, WA","53","Washington","033","King","47.568236","-122.308628"
"01/28/2026","AQS","530330080","1","32.2","ppb","30","SEATTLE - BEACON HILL","24","100.0000","42602","Nitrogen dioxide (NO2)","212","42660","Seattle-Tacoma-Bellevue, WA","53","Washington","033","King","47.568236","-122.308628"
"01/29/2026","AQS","530330080","1","14","ppb","13","SEATTLE - BEACON HILL","24","100.0000","42602","Nitrogen dioxide (NO2)","212","42660","Seattle-Tacoma-Bellevue, WA","53","Washington","033","King","47.568236","-122.308628"
"01/30/2026","AQS","530330080","1","28.2","ppb","26","SEATTLE - BEACON HILL","24","100.0000","42602","Nitrogen dioxide (NO2)","212","42660","Seattle-Tacoma-Bellevue, WA","53","Washington","033","King","47.568236","-122.308628"
"01/31/2026","AQS","530330080","1","26.3","ppb","25","SEATTLE - BEACON HILL","24","100.0000","42602","Nitrogen dioxide (NO2)","212","42660","Seattle-Tacoma-Bellevue, WA","53","Washington","033","King","47.568236","-122.308628"
"02/01/2026","AQS","530330080","1","19.3","ppb","18","SEATTLE - BEACON HILL","24","100.0000","42602","Nitrogen dioxide (NO2)","212","42660","Seattle-Tacoma-Bellevue, WA","53","Washington","033","King","47.568236","-122.308628"
"02/02/2026","AQS","530330080","1","19.6","ppb","18","SEATTLE - BEACON HILL","23","96.0000","42602","Nitrogen dioxide (NO2)","212","42660","Seattle-Tacoma-Bellevue, WA","53","Washington","033","King","47.568236","-122.308628"
"02/03/2026","AQS","530330080","1","23.7","ppb","22","SEATTLE - BEACON HILL","24","100.0000","42602","Nitrogen dioxide (NO2)","212","42660","Seattle-Tacoma-Bellevue, WA","53","Washington","033","King","47.568236","-122.308628"
"02/04/2026","AQS","530330080","1","27.2","ppb","25","SEATTLE - BEACON HILL","24","100.0000","42602","Nitrogen dioxide (NO2)","212","42660","Seattle-Tacoma-Bellevue, WA","53","Washington","033","King","47.568236","-122.308628"
"02/05/2026","AQS","530330080","1","24.3","ppb","23","SEATTLE - BEACON HILL","24","100.0000","42602","Nitrogen dioxide (NO2)","212","42660","Seattle-Tacoma-Bellevue, WA","53","Washington","033","King","47.568236","-122.308628"
"02/06/2026","AQS","530330080","1","26.2","ppb","25","SEATTLE - BEACON HILL","24","100.0000","42602","Nitrogen dioxide (NO2)","212","42660","Seattle-Tacoma-Bellevue, WA","53","Washington","033","King","47.568236","-122.308628"
"02/07/2026","AQS","530330080","1","20.6","ppb","19","SEATTLE - BEACON HILL","24","100.0000","42602","Nitrogen dioxide (NO2)","212","42660","Seattle-Tacoma-Bellevue, WA","53","Washington","033","King","47.568236","-122.308628"
"02/08/2026","AQS","530330080","1","42.9","ppb","40","SEATTLE - BEACON HILL","24","100.0000","42602","Nitrogen dioxide (NO2)","212","42660","Seattle-Tacoma-Bellevue, WA","53","Washington","033","King","47.568236","-122.308628"
"02/09/2026","AQS","530330080","1","19.2","ppb","18","SEATTLE - BEACON HILL","24","100.0000","42602","Nitrogen dioxide (NO2)","212","42660","Seattle-Tacoma-Bellevue, WA","53","Washington","033","King","47.568236","-122.308628"
"02/10/2026","AQS","530330080","1","17.3","ppb","16","SEATTLE - BEACON HILL","23","96.0000","42602","Nitrogen dioxide (NO2)","212","42660","Seattle-Tacoma-Bellevue, WA","53","Washington","033","King","47.568236","-122.308628"
"02/11/2026","AQS","530330080","1","20.4","ppb","19","SEATTLE - BEACON HILL","24","100.0000","42602","Nitrogen dioxide (NO2)","212","42660","Seattle-Tacoma-Bellevue, WA","53","Washington","033","King","47.568236","-122.308628"
"02/12/2026","AQS","530330080","1","22.4","ppb","21","SEATTLE - BEACON HILL","24","100.0000","42602","Nitrogen dioxide (NO2)","212","42660","Seattle-Tacoma-Bellevue, WA","53","Washington","033","King","47.568236","-122.308628"
"02/13/2026","AQS","530330080","1","20.3","ppb","19","SEATTLE - BEACON HILL","24","100.0000","42602","Nitrogen dioxide (NO2)","212","42660","Seattle-Tacoma-Bellevue, WA","53","Washington","033","King","47.568236","-122.308628"
"02/14/2026","AQS","530330080","1","15.2","ppb","14","SEATTLE - BEACON HILL","24","100.0000","42602","Nitrogen dioxide (NO2)","212","42660","Seattle-Tacoma-Bellevue, WA","53","Washington","033","King","47.568236","-122.308628"
"02/15/2026","AQS","530330080","1","13.4","ppb","12","SEATTLE - BEACON HILL","24","100.0000","42602","Nitrogen dioxide (NO2)","212","42660","Seattle-Tacoma-Bellevue, WA","53","Washington","033","King","47.568236","-122.308628"
"02/16/2026","AQS","530330080","1","20.4","ppb","19","SEATTLE - BEACON HILL","24","100.0000","42602","Nitrogen dioxide (NO2)","212","42660","Seattle-Tacoma-Bellevue, WA","53","Washington","033","King","47.568236","-122.308628"
"02/17/2026","AQS","530330080","1","29.6","ppb","27","SEATTLE - BEACON HILL","24","100.0000","42602","Nitrogen dioxide (NO2)","212","42660","Seattle-Tacoma-Bellevue, WA","53","Washington","033","King","47.568236","-122.308628"
"02/18/2026","AQS","530330080","1","27.8","ppb","25","SEATTLE - BEACON HILL","22","92.0000","42602","Nitrogen dioxide (NO2)","212","42660","Seattle-Tacoma-Bellevue, WA","53","Washington","033","King","47.568236","-122.308628"
"02/19/2026","AQS","530330080","1","11.7","ppb","10","SEATTLE - BEACON HILL","24","100.0000","42602","Nitrogen dioxide (NO2)","212","42660","Seattle-Tacoma-Bellevue, WA","53","Washington","033","King","47.568236","-122.308628"
"02/20/2026","AQS","530330080","1","26.2","ppb","25","SEATTLE - BEACON HILL","24","100.0000","42602","Nitrogen dioxide (NO2)","212","42660","Seattle-Tacoma-Bellevue, WA","53","Washington","033","King","47.568236","-122.308628"
"02/21/2026","AQS","530330080","1","25.6","ppb","24","SEATTLE - BEACON HILL","24","100.0000","42602","Nitrogen dioxide (NO2)","212","42660","Seattle-Tacoma-Bellevue, WA","53","Washington","033","King","47.568236","-122.308628"
"02/22/2026","AQS","530330080","1","18.5","ppb","17","SEATTLE - BEACON HILL","24","100.0000","42602","Nitrogen dioxide (NO2)","212","42660","Seattle-Tacoma-Bellevue, WA","53","Washington","033","King","47.568236","-122.308628"
"02/23/2026","AQS","530330080","1","28","ppb","26","SEATTLE - BEACON HILL","24","100.0000","42602","Nitrogen dioxide (NO2)","212","42660","Seattle-Tacoma-Bellevue, WA","53","Washington","033","King","47.568236","-122.308628"
"02/24/2026","AQS","530330080","1","18","ppb","17","SEATTLE - BEACON HILL","24","100.0000","42602","Nitrogen dioxide (NO2)","212","42660","Seattle-Tacoma-Bellevue, WA","53","Washington","033","King","47.568236","-122.308628"
"02/25/2026","AQS","530330080","1","20","ppb","19","SEATTLE - BEACON HILL","24","100.0000","42602","Nitrogen dioxide (NO2)","212","42660","Seattle-Tacoma-Bellevue, WA","53","Washington","033","King","47.568236","-122.308628"
"02/26/2026","AQS","530330080","1","7.6","ppb","7","SEATTLE - BEACON HILL","22","92.0000","42602","Nitrogen dioxide (NO2)","212","42660","Seattle-Tacoma-Bellevue, WA","53","Washington","033","King","47.568236","-122.308628"
"02/27/2026","AQS","530330080","1","10.6","ppb","9","SEATTLE - BEACON HILL","24","100.0000","42602","Nitrogen dioxide (NO2)","212","42660","Seattle-Tacoma-Bellevue, WA","53","Washington","033","King","47.568236","-122.308628"
"02/28/2026","AQS","530330080","1","10.2","ppb","9","SEATTLE - BEACON HILL","24","100.0000","42602","Nitrogen dioxide (NO2)","212","42660","Seattle-Tacoma-Bellevue, WA","53","Washington","033","King","47.568236","-122.308628"
"03/01/2026","AQS","530330080","1","21.7","ppb","20","SEATTLE - BEACON HILL","24","100.0000","42602","Nitrogen dioxide (NO2)","212","42660","Seattle-Tacoma-Bellevue, WA","53","Washington","033","King","47.568236","-122.308628"
"03/02/2026","AQS","530330080","1","27.4","ppb","25","SEATTLE - BEACON HILL","24","100.0000","42602","Nitrogen dioxide (NO2)","212","42660","Seattle-Tacoma-Bellevue, WA","53","Washington","033","King","47.568236","-122.308628"
"03/03/2026","AQS","530330080","1","22.2","ppb","21","SEATTLE - BEACON HILL","24","100.0000","42602","Nitrogen dioxide (NO2)","212","42660","Seattle-Tacoma-Bellevue, WA","53","Washington","033","King","47.568236","-122.308628"
"03/04/2026","AQS","530330080","1","14.1","ppb","13","SEATTLE - BEACON HILL","24","100.0000","42602","Nitrogen dioxide (NO2)","212","42660","Seattle-Tacoma-Bellevue, WA","53","Washington","033","King","47.568236","-122.308628"
"03/05/2026","AQS","530330080","1","12","ppb","11","SEATTLE - BEACON HILL","24","100.0000","42602","Nitrogen dioxide (NO2)","212","42660","Seattle-Tacoma-Bellevue, WA","53","Washington","033","King","47.568236","-122.308628"
"03/06/2026","AQS","530330080","1","20.1","ppb","19","SEATTLE - BEACON HILL","22","92.0000","42602","Nitrogen dioxide (NO2)","212","42660","Seattle-Tacoma-Bellevue, WA","53","Washington","033","King","47.568236","-122.308628"
"03/07/2026","AQS","530330080","1","6.1","ppb","6","SEATTLE - BEACON HILL","24","100.0000","42602","Nitrogen dioxide (NO2)","212","42660","Seattle-Tacoma-Bellevue, WA","53","Washington","033","King","47.568236","-122.308628"
"03/08/2026","AQS","530330080","1","6.6","ppb","6","SEATTLE - BEACON HILL","24","100.0000","42602","Nitrogen dioxide (NO2)","212","42660","Seattle-Tacoma-Bellevue, WA","53","Washington","033","King","47.568236","-122.308628"
"03/09/2026","AQS","530330080","1","10.5","ppb","9","SEATTLE - BEACON HILL","24","100.0000","42602","Nitrogen dioxide (NO2)","212","42660","Seattle-Tacoma-Bellevue, WA","53","Washington","033","King","47.568236","-122.308628"
"03/10/2026","AQS","530330080","1","16.7","ppb","15","SEATTLE - BEACON HILL","24","100.0000","42602","Nitrogen dioxide (NO2)","212","42660","Seattle-Tacoma-Bellevue, WA","53","Washington","033","King","47.568236","-122.308628"
"03/11/2026","AQS","530330080","1","14.7","ppb","13","SEATTLE - BEACON HILL","24","100.0000","42602","Nitrogen dioxide (NO2)","212","42660","Seattle-Tacoma-Bellevue, WA","53","Washington","033","King","47.568236","-122.308628"
"03/12/2026","AQS","530330080","1","14.4","ppb","13","SEATTLE - BEACON HILL","24","100.0000","42602","Nitrogen dioxide (NO2)","212","42660","Seattle-Tacoma-Bellevue, WA","53","Washington","033","King","47.568236","-122.308628"
"03/13/2026","AQS","530330080","1","23.2","ppb","22","SEATTLE - BEACON HILL","24","100.0000","42602","Nitrogen dioxide (NO2)","212","42660","Seattle-Tacoma-Bellevue, WA","53","Washington","033","King","47.568236","-122.308628"
"03/14/2026","AQS","530330080","1","36.3","ppb","34","SEATTLE - BEACON HILL","23","96.0000","42602","Nitrogen dioxide (NO2)","212","42660","Seattle-Tacoma-Bellevue, WA","53","Washington","033","King","47.568236","-122.308628"
"03/15/2026","AQS","530330080","1","22.3","ppb","21","SEATTLE - BEACON HILL","24","100.0000","42602","Nitrogen dioxide (NO2)","212","42660","Seattle-Tacoma-Bellevue, WA","53","Washington","033","King","47.568236","-122.308628"
"03/16/2026","AQS","530330080","1","24.4","ppb","23","SEATTLE - BEACON HILL","24","100.0000","42602","Nitrogen dioxide (NO2)","212","42660","Seattle-Tacoma-Bellevue, WA","53","Washington","033","King","47.568236","-122.308628"
"03/17/2026","AQS","530330080","1","21.2","ppb","20","SEATTLE - BEACON HILL","24","100.0000","42602","Nitrogen dioxide (NO2)","212","42660","Seattle-Tacoma-Bellevue, WA","53","Washington","033","King","47.568236","-122.308628"
"03/18/2026","AQS","530330080","1","17.7","ppb","16","SEATTLE - BEACON HILL","24","100.0000","42602","Nitrogen dioxide (NO2)","212","42660","Seattle-Tacoma-Bellevue, WA","53","Washington","033","King","47.568236","-122.308628"
"03/19/2026","AQS","530330080","1","18.6","ppb","17","SEATTLE - BEACON HILL","24","100.0000","42602","Nitrogen dioxide (NO2)","212","42660","Seattle-Tacoma-Bellevue, WA","53","Washington","033","King","47.568236","-122.308628"
"03/20/2026","AQS","530330080","1","17","ppb","16","SEATTLE - BEACON HILL","24","100.0000","42602","Nitrogen dioxide (NO2)","212","42660","Seattle-Tacoma-Bellevue, WA","53","Washington","033","King","47.568236","-122.308628"
"03/21/2026","AQS","530330080","1","17.5","ppb","16","SEATTLE - BEACON HILL","24","100.0000","42602","Nitrogen dioxide (NO2)","212","42660","Seattle-Tacoma-Bellevue, WA","53","Washington","033","King","47.568236","-122.308628"
"03/22/2026","AQS","530330080","1","13","ppb","12","SEATTLE - BEACON HILL","23","96.0000","42602","Nitrogen dioxide (NO2)","212","42660","Seattle-Tacoma-Bellevue, WA","53","Washington","033","King","47.568236","-122.308628"
"03/23/2026","AQS","530330080","1","22.1","ppb","21","SEATTLE - BEACON HILL","24","100.0000","42602","Nitrogen dioxide (NO2)","212","42660","Seattle-Tacoma-Bellevue, WA","53","Washington","033","King","47.568236","-122.308628"
"03/26/2026","AQS","530330080","1","18.7","ppb","17","SEATTLE - BEACON HILL","24","100.0000","42602","Nitrogen dioxide (NO2)","212","42660","Seattle-Tacoma-Bellevue, WA","53","Washington","033","King","47.568236","-122.308628"
"03/27/2026","AQS","530330080","1","18.1","ppb","17","SEATTLE - BEACON HILL","24","100.0000","42602","Nitrogen dioxide (NO2)","212","42660","Seattle-Tacoma-Bellevue, WA","53","Washington","033","King","47.568236","-122.308628"
"03/28/2026","AQS","530330080","1","8","ppb","8","SEATTLE - BEACON HILL","24","100.0000","42602","Nitrogen dioxide (NO2)","212","42660","Seattle-Tacoma-Bellevue, WA","53","Washington","033","King","47.568236","-122.308628"
"03/29/2026","AQS","530330080","1","17.7","ppb","16","SEATTLE - BEACON HILL","24","100.0000","42602","Nitrogen dioxide (NO2)","212","42660","Seattle-Tacoma-Bellevue, WA","53","Washington","033","King","47.568236","-122.308628"
"03/30/2026","AQS","530330080","1","31.2","ppb","29","SEATTLE - BEACON HILL","23","96.0000","42602","Nitrogen dioxide (NO2)","212","42660","Seattle-Tacoma-Bellevue, WA","53","Washington","033","King","47.568236","-122.308628"
"03/31/2026","AQS","530330080","1","24.4","ppb","23","SEATTLE - BEACON HILL","24","100.0000","42602","Nitrogen dioxide (NO2)","212","42660","Seattle-Tacoma-Bellevue, WA","53","Washington","033","King","47.568236","-122.308628"
"04/01/2026","AQS","530330080","1","9.6","ppb","8","SEATTLE - BEACON HILL","24","100.0000","42602","Nitrogen dioxide (NO2)","212","42660","Seattle-Tacoma-Bellevue, WA","53","Washington","033","King","47.568236","-122.308628"
"04/02/2026","AQS","530330080","1","13.1","ppb","12","SEATTLE - BEACON HILL","24","100.0000","42602","Nitrogen dioxide (NO2)","212","42660","Seattle-Tacoma-Bellevue, WA","53","Washington","033","King","47.568236","-122.308628"
"04/03/2026","AQS","530330080","1","38.1","ppb","36","SEATTLE - BEACON HILL","24","100.0000","42602","Nitrogen dioxide (NO2)","212","42660","Seattle-Tacoma-Bellevue, WA","53","Washington","033","King","47.568236","-122.308628"
"04/04/2026","AQS","530330080","1","13.3","ppb","12","SEATTLE - BEACON HILL","24","100.0000","42602","Nitrogen dioxide (NO2)","212","42660","Seattle-Tacoma-Bellevue, WA","53","Washington","033","King","47.568236","-122.308628"
"04/05/2026","AQS","530330080","1","35","ppb","33","SEATTLE - BEACON HILL","24","100.0000","42602","Nitrogen dioxide (NO2)","212","42660","Seattle-Tacoma-Bellevue, WA","53","Washington","033","King","47.568236","-122.308628"
"04/06/2026","AQS","530330080","1","37.3","ppb","35","SEATTLE - BEACON HILL","24","100.0000","42602","Nitrogen dioxide (NO2)","212","42660","Seattle-Tacoma-Bellevue, WA","53","Washington","033","King","47.568236","-122.308628"
"04/07/2026","AQS","530330080","1","16.9","ppb","15","SEATTLE - BEACON HILL","23","96.0000","42602","Nitrogen dioxide (NO2)","212","42660","Seattle-Tacoma-Bellevue, WA","53","Washington","033","King","47.568236","-122.308628"
"04/08/2026","AQS","530330080","1","18.3","ppb","17","SEATTLE - BEACON HILL","24","100.0000","42602","Nitrogen dioxide (NO2)","212","42660","Seattle-Tacoma-Bellevue, WA","53","Washington","033","King","47.568236","-122.308628"
"04/09/2026","AQS","530330080","1","17.2","ppb","16","SEATTLE - BEACON HILL","24","100.0000","42602","Nitrogen dioxide (NO2)","212","42660","Seattle-Tacoma-Bellevue, WA","53","Washington","033","King","47.568236","-122.308628"
"04/10/2026","AQS","530330080","1","44.9","ppb","42","SEATTLE - BEACON HILL","24","100.0000","42602","Nitrogen dioxide (NO2)","212","42660","Seattle-Tacoma-Bellevue, WA","53","Washington","033","King","47.568236","-122.308628"
"04/11/2026","AQS","530330080","1","30.8","ppb","28","SEATTLE - BEACON HILL","24","100.0000","42602","Nitrogen dioxide (NO2)","212","42660","Seattle-Tacoma-Bellevue, WA","53","Washington","033","King","47.568236","-122.308628"
"04/12/2026","AQS","530330080","1","22.8","ppb","21","SEATTLE - BEACON HILL","24","100.0000","42602","Nitrogen dioxide (NO2)","212","42660","Seattle-Tacoma-Bellevue, WA","53","Washington","033","King","47.568236","-122.308628"
"04/13/2026","AQS","530330080","1","4.5","ppb","4","SEATTLE - BEACON HILL","24","100.0000","42602","Nitrogen dioxide (NO2)","212","42660","Seattle-Tacoma-Bellevue, WA","53","Washington","033","King","47.568236","-122.308628"
"04/14/2026","AQS","530330080","1","11.3","ppb","10","SEATTLE - BEACON HILL","24","100.0000","42602","Nitrogen dioxide (NO2)","212","42660","Seattle-Tacoma-Bellevue, WA","53","Washington","033","King","47.568236","-122.308628"
"04/15/2026","AQS","530330080","1","13","ppb","12","SEATTLE - BEACON HILL","23","96.0000","42602","Nitrogen dioxide (NO2)","212","42660","Seattle-Tacoma-Bellevue, WA","53","Washington","033","King","47.568236","-122.308628"
"04/17/2026","AQS","530330080","1","16.7","ppb","15","SEATTLE - BEACON HILL","24","100.0000","42602","Nitrogen dioxide (NO2)","212","42660","Seattle-Tacoma-Bellevue, WA","53","Washington","033","King","47.568236","-122.308628"
"04/18/2026","AQS","530330080","1","41.6","ppb","39","SEATTLE - BEACON HILL","24","100.0000","42602","Nitrogen dioxide (NO2)","212","42660","Seattle-Tacoma-Bellevue, WA","53","Washington","033","King","47.568236","-122.308628"
"04/19/2026","AQS","530330080","1","25.1","ppb","24","SEATTLE - BEACON HILL","24","100.0000","42602","Nitrogen dioxide (NO2)","212","42660","Seattle-Tacoma-Bellevue, WA","53","Washington","033","King","47.568236","-122.308628"
"04/20/2026","AQS","530330080","1","16.4","ppb","15","SEATTLE - BEACON HILL","24","100.0000","42602","Nitrogen dioxide (NO2)","212","42660","Seattle-Tacoma-Bellevue, WA","53","Washington","033","King","47.568236","-122.308628"
"04/21/2026","AQS","530330080","1","13.3","ppb","12","SEATTLE - BEACON HILL","24","100.0000","42602","Nitrogen dioxide (NO2)","212","42660","Seattle-Tacoma-Bellevue, WA","53","Washington","033","King","47.568236","-122.308628"
"04/22/2026","AQS","530330080","1","9.4","ppb","8","SEATTLE - BEACON HILL","24","100.0000","42602","Nitrogen dioxide (NO2)","212","42660","Seattle-Tacoma-Bellevue, WA","53","Washington","033","King","47.568236","-122.308628"
"04/23/2026","AQS","530330080","1","24.8","ppb","23","SEATTLE - BEACON HILL","23","96.0000","42602","Nitrogen dioxide (NO2)","212","42660","Seattle-Tacoma-Bellevue, WA","53","Washington","033","King","47.568236","-122.308628"
"04/24/2026","AQS","530330080","1","15.2","ppb","14","SEATTLE - BEACON HILL","24","100.0000","42602","Nitrogen dioxide (NO2)","212","42660","Seattle-Tacoma-Bellevue, WA","53","Washington","033","King","47.568236","-122.308628"
"04/25/2026","AQS","530330080","1","23.5","ppb","22","SEATTLE - BEACON HILL","24","100.0000","42602","Nitrogen dioxide (NO2)","212","42660","Seattle-Tacoma-Bellevue, WA","53","Washington","033","King","47.568236","-122.308628"
"04/26/2026","AQS","530330080","1","14.3","ppb","13","SEATTLE - BEACON HILL","24","100.0000","42602","Nitrogen dioxide (NO2)","212","42660","Seattle-Tacoma-Bellevue, WA","53","Washington","033","King","47.568236","-122.308628"
"04/27/2026","AQS","530330080","1","11.7","ppb","10","SEATTLE - BEACON HILL","24","100.0000","42602","Nitrogen dioxide (NO2)","212","42660","Seattle-Tacoma-Bellevue, WA","53","Washington","033","King","47.568236","-122.308628"
"04/28/2026","AQS","530330080","1","30.4","ppb","28","SEATTLE - BEACON HILL","24","100.0000","42602","Nitrogen dioxide (NO2)","212","42660","Seattle-Tacoma-Bellevue, WA","53","Washington","033","King","47.568236","-122.308628"
"04/29/2026","AQS","530330080","1","14.3","ppb","13","SEATTLE - BEACON HILL","21","88.0000","42602","Nitrogen dioxide (NO2)","212","42660","Seattle-Tacoma-Bellevue, WA","53","Washington","033","King","47.568236","-122.308628"
"04/30/2026","AQS","530330080","1","37","ppb","35","SEATTLE - BEACON HILL","24","100.0000","42602","Nitrogen dioxide (NO2)","212","42660","Seattle-Tacoma-Bellevue, WA","53","Washington","033","King","47.568236","-122.308628"
"01/01/2026","AQS","530530024","1","18.2","ppb","17","Tacoma-S 36th St","24","100.0000","42602","Nitrogen dioxide (NO2)","599","42660","Seattle-Tacoma-Bellevue, WA","53","Washington","053","Pierce","47.22634","-122.46256"
"01/02/2026","AQS","530530024","1","22.3","ppb","21","Tacoma-S 36th St","23","96.0000","42602","Nitrogen dioxide (NO2)","599","42660","Seattle-Tacoma-Bellevue, WA","53","Washington","053","Pierce","47.22634","-122.46256"
"01/03/2026","AQS","530530024","1","27.5","ppb","25","Tacoma-S 36th St","24","100.0000","42602","Nitrogen dioxide (NO2)","599","42660","Seattle-Tacoma-Bellevue, WA","53","Washington","053","Pierce","47.22634","-122.46256"
"01/04/2026","AQS","530530024","1","20.8","ppb","19","Tacoma-S 36th St","22","92.0000","42602","Nitrogen dioxide (NO2)","599","42660","Seattle-Tacoma-Bellevue, WA","53","Washington","053","Pierce","47.22634","-122.46256"
"01/05/2026","AQS","530530024","1","26.5","ppb","25","Tacoma-S 36th St","23","96.0000","42602","Nitrogen dioxide (NO2)","599","42660","Seattle-Tacoma-Bellevue, WA","53","Washington","053","Pierce","47.22634","-122.46256"
"01/06/2026","AQS","530530024","1","21.8","ppb","20","Tacoma-S 36th St","24","100.0000","42602","Nitrogen dioxide (NO2)","599","42660","Seattle-Tacoma-Bellevue, WA","53","Washington","053","Pierce","47.22634","-122.46256"
"01/07/2026","AQS","530530024","1","21.9","ppb","20","Tacoma-S 36th St","24","100.0000","42602","Nitrogen dioxide (NO2)","599","42660","Seattle-Tacoma-Bellevue, WA","53","Washington","053","Pierce","47.22634","-122.46256"
"01/08/2026","AQS","530530024","1","17.7","ppb","16","Tacoma-S 36th St","23","96.0000","42602","Nitrogen dioxide (NO2)","599","42660","Seattle-Tacoma-Bellevue, WA","53","Washington","053","Pierce","47.22634","-122.46256"
"01/09/2026","AQS","530530024","1","23","ppb","22","Tacoma-S 36th St","24","100.0000","42602","Nitrogen dioxide (NO2)","599","42660","Seattle-Tacoma-Bellevue, WA","53","Washington","053","Pierce","47.22634","-122.46256"
"01/10/2026","AQS","530530024","1","20.8","ppb","19","Tacoma-S 36th St","22","92.0000","42602","Nitrogen dioxide (NO2)","599","42660","Seattle-Tacoma-Bellevue, WA","53","Washington","053","Pierce","47.22634","-122.46256"
"01/11/2026","AQS","530530024","1","23.6","ppb","22","Tacoma-S 36th St","23","96.0000","42602","Nitrogen dioxide (NO2)","599","42660","Seattle-Tacoma-Bellevue, WA","53","Washington","053","Pierce","47.22634","-122.46256"
"01/12/2026","AQS","530530024","1","28.1","ppb","26","Tacoma-S 36th St","19","79.0000","42602","Nitrogen dioxide (NO2)","599","42660","Seattle-Tacoma-Bellevue, WA","53","Washington","053","Pierce","47.22634","-122.46256"
"01/13/2026","AQS","530530024","1","33.5","ppb","31","Tacoma-S 36th St","24","100.0000","42602","Nitrogen dioxide (NO2)","599","42660","Seattle-Tacoma-Bellevue, WA","53","Washington","053","Pierce","47.22634","-122.46256"
"01/14/2026","AQS","530530024","1","25.3","ppb","24","Tacoma-S 36th St","23","96.0000","42602","Nitrogen dioxide (NO2)","599","42660","Seattle-Tacoma-Bellevue, WA","53","Washington","053","Pierce","47.22634","-122.46256"
"01/15/2026","AQS","530530024","1","15.9","ppb","14","Tacoma-S 36th St","24","100.0000","42602","Nitrogen dioxide (NO2)","599","42660","Seattle-Tacoma-Bellevue, WA","53","Washington","053","Pierce","47.22634","-122.46256"
"01/16/2026","AQS","530530024","1","22.1","ppb","21","Tacoma-S 36th St","22","92.0000","42602","Nitrogen dioxide (NO2)","599","42660","Seattle-Tacoma-Bellevue, WA","53","Washington","053","Pierce","47.22634","-122.46256"
"01/17/2026","AQS","530530024","1","23.8","ppb","22","Tacoma-S 36th St","23","96.0000","42602","Nitrogen dioxide (NO2)","599","42660","Seattle-Tacoma-Bellevue, WA","53","Washington","053","Pierce","47.22634","-122.46256"
"01/18/2026","AQS","530530024","1","23.1","ppb","22","Tacoma-S 36th St","24","100.0000","42602","Nitrogen dioxide (NO2)","599","42660","Seattle-Tacoma-Bellevue, WA","53","Washington","053","Pierce","47.22634","-122.46256"
"01/19/2026","AQS","530530024","1","19.1","ppb","18","Tacoma-S 36th St","24","100.0000","42602","Nitrogen dioxide (NO2)","599","42660","Seattle-Tacoma-Bellevue, WA","53","Washington","053","Pierce","47.22634","-122.46256"
"01/20/2026","AQS","530530024","1","27.3","ppb","25","Tacoma-S 36th St","23","96.0000","42602","Nitrogen dioxide (NO2)","599","42660","Seattle-Tacoma-Bellevue, WA","53","Washington","053","Pierce","47.22634","-122.46256"
"01/21/2026","AQS","530530024","1","20.1","ppb","19","Tacoma-S 36th St","24","100.0000","42602","Nitrogen dioxide (NO2)","599","42660","Seattle-Tacoma-Bellevue, WA","53","Washington","053","Pierce","47.22634","-122.46256"
"01/22/2026","AQS","530530024","1","21.8","ppb","20","Tacoma-S 36th St","19","79.0000","42602","Nitrogen dioxide (NO2)","599","42660","Seattle-Tacoma-Bellevue, WA","53","Washington","053","Pierce","47.22634","-122.46256"
"01/23/2026","AQS","530530024","1","28.1","ppb","26","Tacoma-S 36th St","23","96.0000","42602","Nitrogen dioxide (NO2)","599","42660","Seattle-Tacoma-Bellevue, WA","53","Washington","053","Pierce","47.22634","-122.46256"
"01/24/2026","AQS","530530024","1","32.4","ppb","30","Tacoma-S 36th St","24","100.0000","42602","Nitrogen dioxide (NO2)","599","42660","Seattle-Tacoma-Bellevue, WA","53","Washington","053","Pierce","47.22634","-122.46256"
"01/25/2026","AQS","530530024","1","30.9","ppb","28","Tacoma-S 36th St","24","100.0000","42602","Nitrogen dioxide (NO2)","599","42660","Seattle-Tacoma-Bellevue, WA","53","Washington","053","Pierce","47.22634","-122.46256"
"01/26/2026","AQS","530530024","1","35.4","ppb","33","Tacoma-S 36th St","23","96.0000","42602","Nitrogen dioxide (NO2)","599","42660","Seattle-Tacoma-Bellevue, WA","53","Washington","053","Pierce","47.22634","-122.46256"
"01/27/2026","AQS","530530024","1","30.3","ppb","28","Tacoma-S 36th St","24","100.0000","42602","Nitrogen dioxide (NO2)","599","42660","Seattle-Tacoma-Bellevue, WA","53","Washington","053","Pierce","47.22634","-122.46256"
"01/28/2026","AQS","530530024","1","28.9","ppb","26","Tacoma-S 36th St","22","92.0000","42602","Nitrogen dioxide (NO2)","599","42660","Seattle-Tacoma-Bellevue, WA","53","Washington","053","Pierce","47.22634","-122.46256"
"01/29/2026","AQS","530530024","1","30.8","ppb","28","Tacoma-S 36th St","23","96.0000","42602","Nitrogen dioxide (NO2)","599","42660","Seattle-Tacoma-Bellevue, WA","53","Washington","053","Pierce","47.22634","-122.46256"
"01/30/2026","AQS","530530024","1","28.9","ppb","26","Tacoma-S 36th St","24","100.0000","42602","Nitrogen dioxide (NO2)","599","42660","Seattle-Tacoma-Bellevue, WA","53","Washington","053","Pierce","47.22634","-122.46256"
"01/31/2026","AQS","530530024","1","23.7","ppb","22","Tacoma-S 36th St","24","100.0000","42602","Nitrogen dioxide (NO2)","599","42660","Seattle-Tacoma-Bellevue, WA","53","Washington","053","Pierce","47.22634","-122.46256"
"02/01/2026","AQS","530530024","1","23.1","ppb","22","Tacoma-S 36th St","23","96.0000","42602","Nitrogen dioxide (NO2)","599","42660","Seattle-Tacoma-Bellevue, WA","53","Washington","053","Pierce","47.22634","-122.46256"
"02/02/2026","AQS","530530024","1","25","ppb","24","Tacoma-S 36th St","24","100.0000","42602","Nitrogen dioxide (NO2)","599","42660","Seattle-Tacoma-Bellevue, WA","53","Washington","053","Pierce","47.22634","-122.46256"
"02/03/2026","AQS","530530024","1","21.8","ppb","20","Tacoma-S 36th St","19","79.0000","42602","Nitrogen dioxide (NO2)","599","42660","Seattle-Tacoma-Bellevue, WA","53","Washington","053","Pierce","47.22634","-122.46256"
"02/04/2026","AQS","530530024","1","22.1","ppb","21","Tacoma-S 36th St","23","96.0000","42602","Nitrogen dioxide (NO2)","599","42660","Seattle-Tacoma-Bellevue, WA","53","Washington","053","Pierce","47.22634","-122.46256"
"02/06/2026","AQS","530530024","1","23.1","ppb","22","Tacoma-S 36th St","24","100.0000","42602","Nitrogen dioxide (NO2)","599","42660","Seattle-Tacoma-Bellevue, WA","53","Washington","053","Pierce","47.22634","-122.46256"
"02/07/2026","AQS","530530024","1","22","ppb","21","Tacoma-S 36th St","23","96.0000","42602","Nitrogen dioxide (NO2)","599","42660","Seattle-Tacoma-Bellevue, WA","53","Washington","053","Pierce","47.22634","-122.46256"
"02/08/2026","AQS","530530024","1","25.4","ppb","24","Tacoma-S 36th St","24","100.0000","42602","Nitrogen dioxide (NO2)","599","42660","Seattle-Tacoma-Bellevue, WA","53","Washington","053","Pierce","47.22634","-122.46256"
"02/09/2026","AQS","530530024","1","28.1","ppb","26","Tacoma-S 36th St","22","92.0000","42602","Nitrogen dioxide (NO2)","599","42660","Seattle-Tacoma-Bellevue, WA","53","Washington","053","Pierce","47.22634","-122.46256"
"02/10/2026","AQS","530530024","1","25.1","ppb","24","Tacoma-S 36th St","23","96.0000","42602","Nitrogen dioxide (NO2)","599","42660","Seattle-Tacoma-Bellevue, WA","53","Washington","053","Pierce","47.22634","-122.46256"
"02/11/2026","AQS","530530024","1","27.9","ppb","25","Tacoma-S 36th St","24","100.0000","42602","Nitrogen dioxide (NO2)","599","42660","Seattle-Tacoma-Bellevue, WA","53","Washington","053","Pierce","47.22634","-122.46256"
"02/12/2026","AQS","530530024","1","21.9","ppb","20","Tacoma-S 36th St","24","100.0000","42602","Nitrogen dioxide (NO2)","599","42660","Seattle-Tacoma-Bellevue, WA","53","Washington","053","Pierce","47.22634","-122.46256"
"02/13/2026","AQS","530530024","1","20.3","ppb","19","Tacoma-S 36th St","23","96.0000","42602","Nitrogen dioxide (NO2)","599","42660","Seattle-Tacoma-Bellevue, WA","53","Washington","053","Pierce","47.22634","-122.46256"
"02/14/2026","AQS","530530024","1","17.8","ppb","16","Tacoma-S 36th St","24","100.0000","42602","Nitrogen dioxide (NO2)","599","42660","Seattle-Tacoma-Bellevue, WA","53","Washington","053","Pierce","47.22634","-122.46256"
"02/15/2026","AQS","530530024","1","33.2","ppb","31","Tacoma-S 36th St","22","92.0000","42602","Nitrogen dioxide (NO2)","599","42660","Seattle-Tacoma-Bellevue, WA","53","Washington","053","Pierce","47.22634","-122.46256"
"02/16/2026","AQS","530530024","1","26.3","ppb","25","Tacoma-S 36th St","23","96.0000","42602","Nitrogen dioxide (NO2)","599","42660","Seattle-Tacoma-Bellevue, WA","53","Washington","053","Pierce","47.22634","-122.46256"
"02/17/2026","AQS","530530024","1","28.9","ppb","26","Tacoma-S 36th St","24","100.0000","42602","Nitrogen dioxide (NO2)","599","42660","Seattle-Tacoma-Bellevue, WA","53","Washington","053","Pierce","47.22634","-122.46256"
"02/18/2026","AQS","530530024","1","32.1","ppb","30","Tacoma-S 36th St","24","100.0000","42602","Nitrogen dioxide (NO2)","599","42660","Seattle-Tacoma-Bellevue, WA","53","Washington","053","Pierce","47.22634","-122.46256"
"02/19/2026","AQS","530530024","1","26.8","ppb","25","Tacoma-S 36th St","23","96.0000","42602","Nitrogen dioxide (NO2)","599","42660","Seattle-Tacoma-Bellevue, WA","53","Washington","053","Pierce","47.22634","-122.46256"
"02/20/2026","AQS","530530024","1","31.9","ppb","29","Tacoma-S 36th St","24","100.0000","42602","Nitrogen dioxide (NO2)","599","42660","Seattle-Tacoma-Bellevue, WA","53","Washington","053","Pierce","47.22634","-122.46256"
"02/21/2026","AQS","530530024","1","26.5","ppb","25","Tacoma-S 36th St","22","92.0000","42602","Nitrogen dioxide (NO2)","599","42660","Seattle-Tacoma-Bellevue, WA","53","Washington","053","Pierce","47.22634","-122.46256"
"02/22/2026","AQS","530530024","1","29","ppb","27","Tacoma-S 36th St","23","96.0000","42602","Nitrogen dioxide (NO2)","599","42660","Seattle-Tacoma-Bellevue, WA","53","Washington","053","Pierce","47.22634","-122.46256"
"02/23/2026","AQS","530530024","1","23.9","ppb","22","Tacoma-S 36th St","24","100.0000","42602","Nitrogen dioxide (NO2)","599","42660","Seattle-Tacoma-Bellevue, WA","53","Washington","053","Pierce","47.22634","-122.46256"
"02/24/2026","AQS","530530024","1","34.9","ppb","32","Tacoma-S 36th St","24","100.0000","42602","Nitrogen dioxide (NO2)","599","42660","Seattle-Tacoma-Bellevue, WA","53","Washington","053","Pierce","47.22634","-122.46256"
"02/25/2026","AQS","530530024","1","22.5","ppb","21","Tacoma-S 36th St","23","96.0000","42602","Nitrogen dioxide (NO2)","599","42660","Seattle-Tacoma-Bellevue, WA","53","Washington","053","Pierce","47.22634","-122.46256"
"02/26/2026","AQS","530530024","1","21.7","ppb","20","Tacoma-S 36th St","24","100.0000","42602","Nitrogen dioxide (NO2)","599","42660","Seattle-Tacoma-Bellevue, WA","53","Washington","053","Pierce","47.22634","-122.46256"
"02/27/2026","AQS","530530024","1","24.6","ppb","23","Tacoma-S 36th St","22","92.0000","42602","Nitrogen dioxide (NO2)","599","42660","Seattle-Tacoma-Bellevue, WA","53","Washington","053","Pierce","47.22634","-122.46256"
"02/28/2026","AQS","530530024","1","28.1","ppb","26","Tacoma-S 36th St","23","96.0000","42602","Nitrogen dioxide (NO2)","599","42660","Seattle-Tacoma-Bellevue, WA","53","Washington","053","Pierce","47.22634","-122.46256"
"03/01/2026","AQS","530530024","1","25.1","ppb","24","Tacoma-S 36th St","24","100.0000","42602","Nitrogen dioxide (NO2)","599","42660","Seattle-Tacoma-Bellevue, WA","53","Washington","053","Pierce","47.22634","-122.46256"
"03/02/2026","AQS","530530024","1","32.3","ppb","30","Tacoma-S 36th St","24","100.0000","42602","Nitrogen dioxide (NO2)","599","42660","Seattle-Tacoma-Bellevue, WA","53","Washington","053","Pierce","47.22634","-122.46256"
"03/03/2026","AQS","530530024","1","21.7","ppb","20","Tacoma-S 36th St","23","96.0000","42602","Nitrogen dioxide (NO2)","599","42660","Seattle-Tacoma-Bellevue, WA","53","Washington","053","Pierce","47.22634","-122.46256"
"03/04/2026","AQS","530530024","1","20.9","ppb","19","Tacoma-S 36th St","24","100.0000","42602","Nitrogen dioxide (NO2)","599","42660","Seattle-Tacoma-Bellevue, WA","53","Washington","053","Pierce","47.22634","-122.46256"
"03/05/2026","AQS","530530024","1","20.2","ppb","19","Tacoma-S 36th St","22","92.0000","42602","Nitrogen dioxide (NO2)","599","42660","Seattle-Tacoma-Bellevue, WA","53","Washington","053","Pierce","47.22634","-122.46256"
"03/06/2026","AQS","530530024","1","20.2","ppb","19","Tacoma-S 36th St","23","96.0000","42602","Nitrogen dioxide (NO2)","599","42660","Seattle-Tacoma-Bellevue, WA","53","Washington","053","Pierce","47.22634","-122.46256"
"03/07/2026","AQS","530530024","1","8.3","ppb","8","Tacoma-S 36th St","24","100.0000","42602","Nitrogen dioxide (NO2)","599","42660","Seattle-Tacoma-Bellevue, WA","53","Washington","053","Pierce","47.22634","-122.46256"
"03/08/2026","AQS","530530024","1","7.9","ppb","7","Tacoma-S 36th St","24","100.0000","42602","Nitrogen dioxide (NO2)","599","42660","Seattle-Tacoma-Bellevue, WA","53","Washington","053","Pierce","47.22634","-122.46256"
"03/09/2026","AQS","530530024","1","19.6","ppb","18","Tacoma-S 36th St","23","96.0000","42602","Nitrogen dioxide (NO2)","599","42660","Seattle-Tacoma-Bellevue, WA","53","Washington","053","Pierce","47.22634","-122.46256"
"03/10/2026","AQS","530530024","1","25.5","ppb","24","Tacoma-S 36th St","24","100.0000","42602","Nitrogen dioxide (NO2)","599","42660","Seattle-Tacoma-Bellevue, WA","53","Washington","053","Pierce","47.22634","-122.46256"
"03/11/2026","AQS","530530024","1","24.6","ppb","23","Tacoma-S 36th St","18","75.0000","42602","Nitrogen dioxide (NO2)","599","42660","Seattle-Tacoma-Bellevue, WA","53","Washington","053","Pierce","47.22634","-122.46256"
"03/12/2026","AQS","530530024","1","19.9","ppb","18","Tacoma-S 36th St","23","96.0000","42602","Nitrogen dioxide (NO2)","599","42660","Seattle-Tacoma-Bellevue, WA","53","Washington","053","Pierce","47.22634","-122.46256"
"03/13/2026","AQS","530530024","1","39.8","ppb","37","Tacoma-S 36th St","24","100.0000","42602","Nitrogen dioxide (NO2)","599","42660","Seattle-Tacoma-Bellevue, WA","53","Washington","053","Pierce","47.22634","-122.46256"
"03/14/2026","AQS","530530024","1","29.2","ppb","27","Tacoma-S 36th St","24","100.0000","42602","Nitrogen dioxide (NO2)","599","42660","Seattle-Tacoma-Bellevue, WA","53","Washington","053","Pierce","47.22634","-122.46256"
"03/15/2026","AQS","530530024","1","19.5","ppb","18","Tacoma-S 36th St","23","96.0000","42602","Nitrogen dioxide (NO2)","599","42660","Seattle-Tacoma-Bellevue, WA","53","Washington","053","Pierce","47.22634","-122.46256"
"03/16/2026","AQS","530530024","1","19.6","ppb","18","Tacoma-S 36th St","24","100.0000","42602","Nitrogen dioxide (NO2)","599","42660","Seattle-Tacoma-Bellevue, WA","53","Washington","053","Pierce","47.22634","-122.46256"
"03/17/2026","AQS","530530024","1","20.5","ppb","19","Tacoma-S 36th St","22","92.0000","42602","Nitrogen dioxide (NO2)","599","42660","Seattle-Tacoma-Bellevue, WA","53","Washington","053","Pierce","47.22634","-122.46256"
"03/18/2026","AQS","530530024","1","17.2","ppb","16","Tacoma-S 36th St","23","96.0000","42602","Nitrogen dioxide (NO2)","599","42660","Seattle-Tacoma-Bellevue, WA","53","Washington","053","Pierce","47.22634","-122.46256"
"03/19/2026","AQS","530530024","1","17.8","ppb","16","Tacoma-S 36th St","24","100.0000","42602","Nitrogen dioxide (NO2)","599","42660","Seattle-Tacoma-Bellevue, WA","53","Washington","053","Pierce","47.22634","-122.46256"
"03/20/2026","AQS","530530024","1","14.7","ppb","13","Tacoma-S 36th St","24","100.0000","42602","Nitrogen dioxide (NO2)","599","42660","Seattle-Tacoma-Bellevue, WA","53","Washington","053","Pierce","47.22634","-122.46256"
"03/21/2026","AQS","530530024","1","12.7","ppb","11","Tacoma-S 36th St","23","96.0000","42602","Nitrogen dioxide (NO2)","599","42660","Seattle-Tacoma-Bellevue, WA","53","Washington","053","Pierce","47.22634","-122.46256"
"03/22/2026","AQS","530530024","1","10.9","ppb","9","Tacoma-S 36th St","24","100.0000","42602","Nitrogen dioxide (NO2)","599","42660","Seattle-Tacoma-Bellevue, WA","53","Washington","053","Pierce","47.22634","-122.46256"
"04/16/2026","AQS","530530024","1","21.9","ppb","20","Tacoma-S 36th St","22","92.0000","42602","Nitrogen dioxide (NO2)","599","42660","Seattle-Tacoma-Bellevue, WA","53","Washington","053","Pierce","47.22634","-122.46256"
"04/17/2026","AQS","530530024","1","28.7","ppb","26","Tacoma-S 36th St","23","96.0000","42602","Nitrogen dioxide (NO2)","599","42660","Seattle-Tacoma-Bellevue, WA","53","Washington","053","Pierce","47.22634","-122.46256"
"04/18/2026","AQS","530530024","1","28.1","ppb","26","Tacoma-S 36th St","23","96.0000","42602","Nitrogen dioxide (NO2)","599","42660","Seattle-Tacoma-Bellevue, WA","53","Washington","053","Pierce","47.22634","-122.46256"
"04/19/2026","AQS","530530024","1","33.3","ppb","31","Tacoma-S 36th St","24","100.0000","42602","Nitrogen dioxide (NO2)","599","42660","Seattle-Tacoma-Bellevue, WA","53","Washington","053","Pierce","47.22634","-122.46256"
"04/20/2026","AQS","530530024","1","30.6","ppb","28","Tacoma-S 36th St","23","96.0000","42602","Nitrogen dioxide (NO2)","599","42660","Seattle-Tacoma-Bellevue, WA","53","Washington","053","Pierce","47.22634","-122.46256"
"04/21/2026","AQS","530530024","1","24.4","ppb","23","Tacoma-S 36th St","23","96.0000","42602","Nitrogen dioxide (NO2)","599","42660","Seattle-Tacoma-Bellevue, WA","53","Washington","053","Pierce","47.22634","-122.46256"
"04/22/2026","AQS","530530024","1","13.3","ppb","12","Tacoma-S 36th St","22","92.0000","42602","Nitrogen dioxide (NO2)","599","42660","Seattle-Tacoma-Bellevue, WA","53","Washington","053","Pierce","47.22634","-122.46256"
"04/23/2026","AQS","530530024","1","24.7","ppb","23","Tacoma-S 36th St","23","96.0000","42602","Nitrogen dioxide (NO2)","599","42660","Seattle-Tacoma-Bellevue, WA","53","Washington","053","Pierce","47.22634","-122.46256"
"04/24/2026","AQS","530530024","1","39.7","ppb","37","Tacoma-S 36th St","24","100.0000","42602","Nitrogen dioxide (NO2)","599","42660","Seattle-Tacoma-Bellevue, WA","53","Washington","053","Pierce","47.22634","-122.46256"
"04/25/2026","AQS","530530024","1","31.7","ppb","29","Tacoma-S 36th St","23","96.0000","42602","Nitrogen dioxide (NO2)","599","42660","Seattle-Tacoma-Bellevue, WA","53","Washington","053","Pierce","47.22634","-122.46256"
"04/26/2026","AQS","530530024","1","33.4","ppb","31","Tacoma-S 36th St","23","96.0000","42602","Nitrogen dioxide (NO2)","599","42660","Seattle-Tacoma-Bellevue, WA","53","Washington","053","Pierce","47.22634","-122.46256"
"04/27/2026","AQS","530530024","1","17.7","ppb","16","Tacoma-S 36th St","24","100.0000","42602","Nitrogen dioxide (NO2)","599","42660","Seattle-Tacoma-Bellevue, WA","53","Washington","053","Pierce","47.22634","-122.46256"
"04/28/2026","AQS","530530024","1","18.6","ppb","17","Tacoma-S 36th St","23","96.0000","42602","Nitrogen dioxide (NO2)","599","42660","Seattle-Tacoma-Bellevue, WA","53","Washington","053","Pierce","47.22634","-122.46256"
"04/29/2026","AQS","530530024","1","16.5","ppb","15","Tacoma-S 36th St","23","96.0000","42602","Nitrogen dioxide (NO2)","599","42660","Seattle-Tacoma-Bellevue, WA","53","Washington","053","Pierce","47.22634","-122.46256"
"04/30/2026","AQS","530530024","1","30.1","ppb","28","Tacoma-S 36th St","24","100.0000","42602","Nitrogen dioxide (NO2)","599","42660","Seattle-Tacoma-Bellevue, WA","53","Washington","053","Pierce","47.22634","-122.46256"
